,time,open,close,high,low,vol
0,1502268480,0.0036,0.0036,0.0036,0.0036,0
1,1502268660,0.0036,0.0036,0.0036,0.0036,0
2,1502268840,0.0036,0.0036,0.0036,0.0036,0
3,1502269020,0.0036,0.0036,0.0036,0.0036,0
4,1502269200,0.0036,0.0036,0.0036,0.0036,0
5,1502269380,0.0036,0.0036,0.0036,0.0036,0
6,1502269560,0.0036,0.0036,0.0036,0.0036,0
7,1502269740,0.0036,0.0036,0.0036,0.0036,0
8,1502269920,0.0036,0.0036,0.0036,0.0036,0
9,1502270100,0.0036,0.0036,0.0036,0.0036,0
10,1502270280,0.0036,0.0036,0.0036,0.0036,0
11,1502270460,0.0036,0.0036,0.0036,0.0036,0
12,1502270640,0.0036,0.0036,0.0036,0.0036,0
13,1502270820,0.0036,0.0036,0.0036,0.0036,0
14,1502271000,0.0038,0.0038,0.0038,0.0038,1
15,1502271180,0.0038,0.0038,0.0038,0.0038,0
16,1502271360,0.0038,0.0038,0.0038,0.0038,0
17,1502271540,0.0038,0.0038,0.0038,0.0038,0
18,1502271720,0.0038,0.0038,0.0038,0.0038,0
19,1502271900,0.004,0.004,0.004,0.004,1
20,1502272080,0.004,0.004,0.004,0.004,0
21,1502272260,0.004,0.004,0.004,0.004,0
22,1502272440,0.004,0.004,0.004,0.004,0
23,1502272620,0.004,0.004,0.004,0.004,0
24,1502272800,0.004,0.004,0.004,0.004,0
25,1502272980,0.004,0.004,0.004,0.004,0
26,1502273160,0.004,0.004,0.004,0.004,0
27,1502273340,0.004,0.004,0.004,0.004,0
28,1502273520,0.004,0.004,0.004,0.004,0
29,1502273700,0.004,0.004,0.004,0.004,0
30,1502273880,0.004,0.004,0.004,0.004,0
31,1502274060,0.004,0.004,0.004,0.004,0
32,1502274240,0.004,0.004,0.004,0.004,0
33,1502274420,0.0042,0.0042,0.0042,0.0042,1
34,1502274600,0.0042,0.0042,0.0042,0.0042,0
35,1502274780,0.0062,0.0064,0.0064,0.0062,47.6263
36,1502274960,0.0064,0.0064,0.0064,0.0064,4.2812
37,1502275140,0.0064,0.0064,0.0064,0.0064,0
38,1502275320,0.0064,0.0064,0.0064,0.0064,0
39,1502275500,0.0064,0.0064,0.0064,0.0064,0
40,1502275680,0.0043,0.0043,0.0043,0.0043,1
41,1502275860,0.0043,0.0043,0.0043,0.0043,0
42,1502276040,0.0063,0.0063,0.0063,0.0063,10
43,1502276220,0.0063,0.0063,0.0063,0.0063,0
44,1502276400,0.0063,0.0063,0.0063,0.0063,0
45,1502276580,0.0063,0.0063,0.0063,0.0063,0
46,1502276760,0.0063,0.0063,0.0063,0.0063,0
47,1502276940,0.0063,0.0063,0.0063,0.0063,0
48,1502277120,0.0063,0.0063,0.0063,0.0063,0
49,1502277300,0.0063,0.0063,0.0063,0.0063,0
50,1502277480,0.0063,0.0063,0.0063,0.0063,0
51,1502277660,0.0063,0.0063,0.0063,0.0063,0
52,1502277840,0.0063,0.0063,0.0063,0.0063,0
53,1502278020,0.0063,0.0063,0.0063,0.0063,0
54,1502278200,0.0063,0.0063,0.0063,0.0063,0
55,1502278380,0.0063,0.0063,0.0063,0.0063,0
56,1502278560,0.0045,0.0045,0.0045,0.0045,1
57,1502278740,0.0045,0.0045,0.0045,0.0045,0
58,1502278920,0.0045,0.0045,0.0045,0.0045,0
59,1502279100,0.0045,0.0045,0.0045,0.0045,0
60,1502279280,0.0045,0.0045,0.0045,0.0045,0
61,1502279460,0.0045,0.0045,0.0045,0.0045,0
62,1502279640,0.0045,0.0045,0.0045,0.0045,0
63,1502279820,0.0048,0.0048,0.0048,0.0048,8.5696
64,1502280000,0.0048,0.0048,0.0048,0.0048,95.5762
65,1502280180,0.0048,0.0048,0.0048,0.0048,0
66,1502280360,0.0048,0.0048,0.0048,0.0048,0
67,1502280540,0.0048,0.0048,0.0048,0.0048,15.6338
68,1502280720,0.0048,0.0048,0.0048,0.0048,0
69,1502280900,0.0048,0.0048,0.0048,0.0048,0
70,1502281080,0.0048,0.0048,0.0048,0.0048,0
71,1502281260,0.0048,0.0048,0.0048,0.0048,0
72,1502281440,0.0048,0.0048,0.0048,0.0048,0
73,1502281620,0.0048,0.0048,0.0048,0.0048,0
74,1502281800,0.0048,0.0048,0.0048,0.0048,0
75,1502281980,0.0048,0.0048,0.0048,0.0048,0
76,1502282160,0.0048,0.0048,0.0048,0.0048,0
77,1502282340,0.0048,0.0048,0.0048,0.0048,0
78,1502282520,0.0051,0.0049,0.0051,0.0049,122.4158
79,1502282700,0.0049,0.0036,0.0049,0.0036,629.015
80,1502282880,0.0036,0.0036,0.0036,0.0036,0
81,1502283060,0.0036,0.0036,0.0036,0.0036,0
82,1502283240,0.0036,0.0036,0.0036,0.0036,0
83,1502283420,0.0036,0.0036,0.0036,0.0036,0
84,1502283600,0.0065,0.0036,0.0069,0.0036,87.7707
85,1502283780,0.0036,0.0036,0.0036,0.0036,0
86,1502283960,0.0036,0.0036,0.0036,0.0036,0
87,1502284140,0.0036,0.0036,0.0036,0.0036,0
88,1502284320,0.0036,0.0036,0.0036,0.0036,0
89,1502284500,0.0036,0.0036,0.0036,0.0036,0
90,1502284680,0.0036,0.0036,0.0036,0.0036,0
91,1502284860,0.0036,0.0036,0.0036,0.0036,0
92,1502285040,0.0065,0.0065,0.0065,0.0065,16.9538
93,1502285220,0.0039,0.0039,0.0039,0.0039,1
94,1502285400,0.0039,0.0039,0.0039,0.0039,0
95,1502285580,0.0039,0.0039,0.0039,0.0039,0
96,1502285760,0.0065,0.0065,0.0065,0.0065,20
97,1502285940,0.0065,0.0065,0.0065,0.0065,0
98,1502286120,0.0065,0.0065,0.0065,0.0065,0
99,1502286300,0.0065,0.0065,0.0065,0.0065,0
100,1502286480,0.0065,0.0065,0.0065,0.0065,0
101,1502286660,0.0065,0.0065,0.0065,0.0065,0
102,1502286840,0.0065,0.0065,0.0065,0.0065,0
103,1502287020,0.0065,0.0065,0.0065,0.0065,0
104,1502287200,0.0065,0.0065,0.0065,0.0065,0
105,1502287380,0.0065,0.0065,0.0065,0.0065,0
106,1502287560,0.0065,0.0065,0.0065,0.0065,0
107,1502287740,0.0065,0.0065,0.0065,0.0065,0
108,1502287920,0.0065,0.0065,0.0065,0.0065,0
109,1502288100,0.0065,0.0065,0.0065,0.0065,0
110,1502288280,0.0065,0.0065,0.0065,0.0065,0
111,1502288460,0.0065,0.0065,0.0065,0.0065,0
112,1502288640,0.0065,0.0065,0.0065,0.0065,0
113,1502288820,0.0065,0.0065,0.0065,0.0065,0
114,1502289000,0.0065,0.0065,0.0065,0.0065,0
115,1502289180,0.0065,0.0065,0.0065,0.0065,0
116,1502289360,0.0065,0.0065,0.0065,0.0065,0
117,1502289540,0.0065,0.0065,0.0065,0.0065,0
118,1502289720,0.0065,0.0065,0.0065,0.0065,0
119,1502289900,0.0065,0.0065,0.0065,0.0065,0
120,1502290080,0.0065,0.0065,0.0065,0.0065,0
121,1502290260,0.0065,0.0065,0.0065,0.0065,0
122,1502290440,0.0065,0.0065,0.0065,0.0065,0
123,1502290620,0.0065,0.0065,0.0065,0.0065,0
124,1502290800,0.0065,0.0065,0.0065,0.0065,0
125,1502290980,0.0065,0.0065,0.0065,0.0065,0
126,1502291160,0.0065,0.0065,0.0065,0.0065,0
127,1502291340,0.0065,0.0065,0.0065,0.0065,0
128,1502291520,0.0065,0.0065,0.0065,0.0065,0
129,1502291700,0.0065,0.0065,0.0065,0.0065,0
130,1502291880,0.0065,0.0065,0.0065,0.0065,0
131,1502292060,0.0065,0.0065,0.0065,0.0065,0
132,1502292240,0.0065,0.0065,0.0065,0.0065,0
133,1502292420,0.0065,0.0065,0.0065,0.0065,0
134,1502292600,0.0065,0.0065,0.0065,0.0065,0
135,1502292780,0.0065,0.0065,0.0065,0.0065,0
136,1502292960,0.0065,0.0065,0.0065,0.0065,0
137,1502293140,0.0065,0.0065,0.0065,0.0065,0
138,1502293320,0.0065,0.0065,0.0065,0.0065,0
139,1502293500,0.0065,0.0065,0.0065,0.0065,0
140,1502293680,0.0065,0.0065,0.0065,0.0065,0
141,1502293860,0.0065,0.0065,0.0065,0.0065,0
142,1502294040,0.0065,0.0065,0.0065,0.0065,0
143,1502294220,0.0065,0.0065,0.0065,0.0065,0
144,1502294400,0.0065,0.0065,0.0065,0.0065,0
145,1502294580,0.0065,0.0065,0.0065,0.0065,0
146,1502294760,0.0065,0.0065,0.0065,0.0065,0
147,1502294940,0.0065,0.0065,0.0065,0.0065,0
148,1502295120,0.0065,0.0065,0.0065,0.0065,0
149,1502295300,0.0065,0.0065,0.0065,0.0065,0
150,1502295480,0.0065,0.0065,0.0065,0.0065,0
151,1502295660,0.0065,0.0065,0.0065,0.0065,0
152,1502295840,0.0065,0.0065,0.0065,0.0065,0
153,1502296020,0.0065,0.0065,0.0065,0.0065,0
154,1502296200,0.0065,0.0065,0.0065,0.0065,0
155,1502296380,0.0065,0.0065,0.0065,0.0065,0
156,1502296560,0.0065,0.0065,0.0065,0.0065,0
157,1502296740,0.0065,0.0065,0.0065,0.0065,0
158,1502296920,0.0065,0.0065,0.0065,0.0065,0
159,1502297100,0.0065,0.0065,0.0065,0.0065,0
160,1502297280,0.0065,0.0065,0.0065,0.0065,0
161,1502297460,0.0065,0.0065,0.0065,0.0065,0
162,1502297640,0.0041,0.0041,0.0041,0.0041,16.6942
163,1502297820,0.0041,0.0041,0.0041,0.0041,0
164,1502298000,0.0041,0.0041,0.0041,0.0041,0
165,1502298180,0.0041,0.0041,0.0041,0.0041,0
166,1502298360,0.0041,0.0041,0.0041,0.0041,0
167,1502298540,0.0041,0.0041,0.0041,0.0041,0
168,1502298720,0.0041,0.0041,0.0041,0.0041,0
169,1502298900,0.0041,0.0041,0.0041,0.0041,0
170,1502299080,0.006,0.006,0.006,0.006,1
171,1502299260,0.006,0.006,0.006,0.006,0
172,1502299440,0.006,0.006,0.006,0.006,0
173,1502299620,0.006,0.006,0.006,0.006,0
174,1502299800,0.006,0.006,0.006,0.006,0
175,1502299980,0.006,0.006,0.006,0.006,0
176,1502300160,0.006,0.006,0.006,0.006,0
177,1502300340,0.006,0.006,0.006,0.006,0
178,1502300520,0.0041,0.004,0.0041,0.004,270
179,1502300700,0.004,0.004,0.004,0.004,0
180,1502300880,0.004,0.004,0.004,0.004,0
181,1502301060,0.004,0.004,0.004,0.004,0
182,1502301240,0.004,0.004,0.004,0.004,0
183,1502301420,0.004,0.004,0.004,0.004,0
184,1502301600,0.004,0.004,0.004,0.004,0
185,1502301780,0.004,0.004,0.004,0.004,0
186,1502301960,0.004,0.004,0.004,0.004,0
187,1502302140,0.004,0.004,0.004,0.004,0
188,1502302320,0.004,0.004,0.004,0.004,0
189,1502302500,0.004,0.004,0.004,0.004,0
190,1502302680,0.004,0.004,0.004,0.004,0
191,1502302860,0.004,0.004,0.004,0.004,0
192,1502303040,0.004,0.004,0.004,0.004,0
193,1502303220,0.004,0.004,0.004,0.004,0
194,1502303400,0.004,0.004,0.004,0.004,0
195,1502303580,0.004,0.004,0.004,0.004,0
196,1502303760,0.004,0.004,0.004,0.004,0
197,1502303940,0.004,0.004,0.004,0.004,0
198,1502304120,0.004,0.004,0.004,0.004,0
199,1502304300,0.004,0.004,0.004,0.004,0
200,1502304480,0.004,0.004,0.004,0.004,0
201,1502304660,0.004,0.004,0.004,0.004,0
202,1502304840,0.004,0.004,0.004,0.004,0
203,1502305020,0.004,0.004,0.004,0.004,0
204,1502305200,0.004,0.004,0.004,0.004,0
205,1502305380,0.004,0.004,0.004,0.004,0
206,1502305560,0.004,0.004,0.004,0.004,0
207,1502305740,0.004,0.004,0.004,0.004,0
208,1502305920,0.004,0.004,0.004,0.004,0
209,1502306100,0.004,0.004,0.004,0.004,0
210,1502306280,0.004,0.004,0.004,0.004,0
211,1502306460,0.004,0.004,0.004,0.004,0
212,1502306640,0.004,0.004,0.004,0.004,0
213,1502306820,0.004,0.004,0.004,0.004,0
214,1502307000,0.004,0.004,0.004,0.004,0
215,1502307180,0.004,0.004,0.004,0.004,0
216,1502307360,0.004,0.004,0.004,0.004,0
217,1502307540,0.004,0.004,0.004,0.004,0
218,1502307720,0.004,0.004,0.004,0.004,0
219,1502307900,0.004,0.004,0.004,0.004,0
220,1502308080,0.004,0.004,0.004,0.004,0
221,1502308260,0.004,0.004,0.004,0.004,0
222,1502308440,0.004,0.004,0.004,0.004,0
223,1502308620,0.004,0.004,0.004,0.004,0
224,1502308800,0.004,0.004,0.004,0.004,0
225,1502308980,0.004,0.004,0.004,0.004,0
226,1502309160,0.004,0.004,0.004,0.004,0
227,1502309340,0.004,0.004,0.004,0.004,0
228,1502309520,0.004,0.004,0.004,0.004,0
229,1502309700,0.004,0.004,0.004,0.004,0
230,1502309880,0.004,0.004,0.004,0.004,0
231,1502310060,0.004,0.004,0.004,0.004,0
232,1502310240,0.004,0.004,0.004,0.004,0
233,1502310420,0.004,0.004,0.004,0.004,0
234,1502310600,0.004,0.004,0.004,0.004,0
235,1502310780,0.004,0.004,0.004,0.004,0
236,1502310960,0.004,0.004,0.004,0.004,0
237,1502311140,0.004,0.004,0.004,0.004,0
238,1502311320,0.004,0.004,0.004,0.004,0
239,1502311500,0.004,0.004,0.004,0.004,0
240,1502311680,0.004,0.004,0.004,0.004,0
241,1502311860,0.004,0.004,0.004,0.004,0
242,1502312040,0.004,0.004,0.004,0.004,0
243,1502312220,0.004,0.004,0.004,0.004,0
244,1502312400,0.004,0.004,0.004,0.004,0
245,1502312580,0.004,0.004,0.004,0.004,0
246,1502312760,0.004,0.004,0.004,0.004,0
247,1502312940,0.004,0.004,0.004,0.004,0
248,1502313120,0.004,0.004,0.004,0.004,0
249,1502313300,0.004,0.004,0.004,0.004,0
250,1502313480,0.004,0.004,0.004,0.004,0
251,1502313660,0.004,0.004,0.004,0.004,0
252,1502313840,0.004,0.004,0.004,0.004,0
253,1502314020,0.004,0.004,0.004,0.004,0
254,1502314200,0.004,0.004,0.004,0.004,0
255,1502314380,0.004,0.004,0.004,0.004,0
256,1502314560,0.004,0.004,0.004,0.004,0
257,1502314740,0.004,0.004,0.004,0.004,0
258,1502314920,0.004,0.004,0.004,0.004,0
259,1502315100,0.004,0.004,0.004,0.004,0
260,1502315280,0.004,0.004,0.004,0.004,0
261,1502315460,0.004,0.004,0.004,0.004,0
262,1502315640,0.004,0.004,0.004,0.004,0
263,1502315820,0.004,0.004,0.004,0.004,0
264,1502316000,0.004,0.004,0.004,0.004,0
265,1502316180,0.004,0.004,0.004,0.004,0
266,1502316360,0.004,0.004,0.004,0.004,0
267,1502316540,0.004,0.004,0.004,0.004,0
268,1502316720,0.004,0.004,0.004,0.004,0
269,1502316900,0.004,0.004,0.004,0.004,0
270,1502317080,0.004,0.004,0.004,0.004,0
271,1502317260,0.004,0.004,0.004,0.004,0
272,1502317440,0.004,0.004,0.004,0.004,0
273,1502317620,0.004,0.004,0.004,0.004,0
274,1502317800,0.004,0.004,0.004,0.004,0
275,1502317980,0.004,0.004,0.004,0.004,0
276,1502318160,0.004,0.004,0.004,0.004,0
277,1502318340,0.004,0.004,0.004,0.004,0
278,1502318520,0.004,0.004,0.004,0.004,0
279,1502318700,0.004,0.004,0.004,0.004,0
280,1502318880,0.004,0.004,0.004,0.004,0
281,1502319060,0.004,0.004,0.004,0.004,0
282,1502319240,0.004,0.004,0.004,0.004,0
283,1502319420,0.004,0.004,0.004,0.004,0
284,1502319600,0.004,0.004,0.004,0.004,0
285,1502319780,0.004,0.004,0.004,0.004,0
286,1502319960,0.004,0.004,0.004,0.004,0
287,1502320140,0.004,0.004,0.004,0.004,0
288,1502320320,0.004,0.004,0.004,0.004,0
289,1502320500,0.004,0.004,0.004,0.004,0
290,1502320680,0.004,0.004,0.004,0.004,0
291,1502320860,0.004,0.004,0.004,0.004,0
292,1502321040,0.004,0.004,0.004,0.004,0
293,1502321220,0.004,0.004,0.004,0.004,0
294,1502321400,0.004,0.004,0.004,0.004,0
295,1502321580,0.004,0.004,0.004,0.004,0
296,1502321760,0.004,0.004,0.004,0.004,0
297,1502321940,0.004,0.004,0.004,0.004,0
298,1502322120,0.004,0.004,0.004,0.004,0
299,1502322300,0.0042,0.0039,0.0042,0.0039,360.5261
300,1502322480,0.0039,0.0039,0.0039,0.0039,0
301,1502322660,0.0039,0.0039,0.0039,0.0039,0
302,1502322840,0.0039,0.0039,0.0039,0.0039,0
303,1502323020,0.0039,0.0039,0.0039,0.0039,0
304,1502323200,0.0039,0.005,0.005,0.0037,361.34
305,1502323380,0.005,0.005,0.005,0.005,0
306,1502323560,0.005,0.005,0.005,0.005,0
307,1502323740,0.005,0.005,0.005,0.005,0
308,1502323920,0.005,0.005,0.005,0.005,0
309,1502324100,0.005,0.005,0.005,0.005,0
310,1502324280,0.005,0.005,0.005,0.005,0
311,1502324460,0.005,0.005,0.005,0.005,0
312,1502324640,0.005,0.005,0.005,0.005,0
313,1502324820,0.005,0.005,0.005,0.005,0
314,1502325000,0.005,0.005,0.005,0.005,0
315,1502325180,0.005,0.005,0.005,0.005,0
316,1502325360,0.005,0.005,0.005,0.005,0
317,1502325540,0.005,0.005,0.005,0.005,0
318,1502325720,0.005,0.005,0.005,0.005,0
319,1502325900,0.005,0.005,0.005,0.005,0
320,1502326080,0.005,0.005,0.005,0.005,0
321,1502326260,0.005,0.005,0.005,0.005,0
322,1502326440,0.005,0.005,0.005,0.005,0
323,1502326620,0.005,0.005,0.005,0.005,0
324,1502326800,0.005,0.005,0.005,0.005,0
325,1502326980,0.005,0.005,0.005,0.005,0
326,1502327160,0.005,0.005,0.005,0.005,0
327,1502327340,0.005,0.005,0.005,0.005,0
328,1502327520,0.005,0.005,0.005,0.005,0
329,1502327700,0.005,0.005,0.005,0.005,0
330,1502327880,0.0038,0.0038,0.0038,0.0038,5
331,1502328060,0.0038,0.0038,0.0038,0.0038,0
332,1502328240,0.0038,0.0038,0.0038,0.0038,0
333,1502328420,0.0038,0.0038,0.0038,0.0038,0
334,1502328600,0.0038,0.0038,0.0038,0.0038,0
335,1502328780,0.0038,0.0038,0.0038,0.0038,0
336,1502328960,0.0038,0.0038,0.0038,0.0038,0
337,1502329140,0.0038,0.0038,0.0038,0.0038,0
338,1502329320,0.0038,0.0038,0.0038,0.0038,0
339,1502329500,0.0038,0.0038,0.0038,0.0038,0
340,1502329680,0.0038,0.0038,0.0038,0.0038,0
341,1502329860,0.0038,0.0038,0.0038,0.0038,0
342,1502330040,0.0038,0.0038,0.0038,0.0038,0
343,1502330220,0.0038,0.0038,0.0038,0.0038,0
344,1502330400,0.0039,0.0039,0.0039,0.0039,55.0583
345,1502330580,0.0039,0.0039,0.0039,0.0039,2
346,1502330760,0.0039,0.0039,0.0039,0.0039,0
347,1502330940,0.0039,0.0039,0.0039,0.0039,0
348,1502331120,0.0039,0.0039,0.0039,0.0039,0
349,1502331300,0.0039,0.0039,0.0039,0.0039,0
350,1502331480,0.0039,0.0039,0.0039,0.0039,0
351,1502331660,0.0039,0.0039,0.0039,0.0039,0
352,1502331840,0.0039,0.0039,0.0039,0.0039,0
353,1502332020,0.0039,0.0039,0.0039,0.0039,0
354,1502332200,0.0039,0.0039,0.0039,0.0039,0
355,1502332380,0.0039,0.0039,0.0039,0.0039,0
356,1502332560,0.0039,0.0039,0.0039,0.0039,0
357,1502332740,0.0039,0.0039,0.0039,0.0039,0
358,1502332920,0.0039,0.0039,0.0039,0.0039,0
359,1502333100,0.0056,0.0059,0.0059,0.0056,13.0847
360,1502333280,0.0059,0.0059,0.0059,0.0059,0
361,1502333460,0.0059,0.0059,0.0059,0.0059,0
362,1502333640,0.0059,0.0059,0.0059,0.0059,0
363,1502333820,0.0059,0.0059,0.0059,0.0059,0
364,1502334000,0.0059,0.0059,0.0059,0.0059,0
365,1502334180,0.0059,0.0059,0.0059,0.0059,0
366,1502334360,0.0059,0.0059,0.0059,0.0059,0
367,1502334540,0.0059,0.0059,0.0059,0.0059,0
368,1502334720,0.0059,0.0059,0.0059,0.0059,0
369,1502334900,0.0059,0.0059,0.0059,0.0059,0
370,1502335080,0.0059,0.0059,0.0059,0.0059,0
371,1502335260,0.0059,0.0059,0.0059,0.0059,0
372,1502335440,0.0059,0.0059,0.0059,0.0059,0
373,1502335620,0.0059,0.0059,0.0059,0.0059,0
374,1502335800,0.0059,0.0059,0.0059,0.0059,0
375,1502335980,0.0059,0.0059,0.0059,0.0059,0
376,1502336160,0.0059,0.0059,0.0059,0.0059,0
377,1502336340,0.0059,0.0059,0.0059,0.0059,0
378,1502336520,0.0059,0.0059,0.0059,0.0059,0
379,1502336700,0.0059,0.0059,0.0059,0.0059,0
380,1502336880,0.0059,0.0059,0.0059,0.0059,0
381,1502337060,0.0059,0.0059,0.0059,0.0059,0
382,1502337240,0.0059,0.0059,0.0059,0.0059,0
383,1502337420,0.0059,0.0059,0.0059,0.0059,0
384,1502337600,0.0059,0.0059,0.0059,0.0059,0
385,1502337780,0.0059,0.0059,0.0059,0.0059,0
386,1502337960,0.0059,0.0059,0.0059,0.0059,0
387,1502338140,0.0057,0.0057,0.0057,0.0057,0.011
388,1502338320,0.0057,0.0057,0.0057,0.0057,0
389,1502338500,0.0057,0.0057,0.0057,0.0057,0
390,1502338680,0.0057,0.0057,0.0057,0.0057,0
391,1502338860,0.0057,0.0057,0.0057,0.0057,0
392,1502339040,0.0057,0.0057,0.0057,0.0057,0
393,1502339220,0.0057,0.0057,0.0057,0.0057,0
394,1502339400,0.0057,0.0057,0.0057,0.0057,0
395,1502339580,0.0057,0.0057,0.0057,0.0057,0
396,1502339760,0.0057,0.0057,0.0057,0.0057,0
397,1502339940,0.0057,0.0057,0.0057,0.0057,0
398,1502340120,0.0057,0.0057,0.0057,0.0057,0
399,1502340300,0.0057,0.0057,0.0057,0.0057,0
400,1502340480,0.0057,0.0057,0.0057,0.0057,0
401,1502340660,0.0057,0.0057,0.0057,0.0057,0
402,1502340840,0.0057,0.0057,0.0057,0.0057,0
403,1502341020,0.0057,0.0057,0.0057,0.0057,0
404,1502341200,0.0057,0.0057,0.0057,0.0057,0
405,1502341380,0.0057,0.0057,0.0057,0.0057,0
406,1502341560,0.0057,0.0057,0.0057,0.0057,0
407,1502341740,0.0057,0.0057,0.0057,0.0057,0
408,1502341920,0.0057,0.0057,0.0057,0.0057,0
409,1502342100,0.0057,0.0057,0.0057,0.0057,0
410,1502342280,0.0057,0.0057,0.0057,0.0057,0
411,1502342460,0.0057,0.0057,0.0057,0.0057,0
412,1502342640,0.0057,0.0057,0.0057,0.0057,0
413,1502342820,0.0057,0.0057,0.0057,0.0057,0
414,1502343000,0.0057,0.0057,0.0057,0.0057,0
415,1502343180,0.0057,0.0057,0.0057,0.0057,0
416,1502343360,0.0057,0.0057,0.0057,0.0057,0
417,1502343540,0.0057,0.0057,0.0057,0.0057,0
418,1502343720,0.0057,0.0057,0.0057,0.0057,0
419,1502343900,0.0057,0.0057,0.0057,0.0057,0
420,1502344080,0.0057,0.0057,0.0057,0.0057,0
421,1502344260,0.0057,0.0057,0.0057,0.0057,0
422,1502344440,0.0057,0.0057,0.0057,0.0057,0
423,1502344620,0.0057,0.0057,0.0057,0.0057,0
424,1502344800,0.0057,0.0057,0.0057,0.0057,0
425,1502344980,0.0057,0.0057,0.0057,0.0057,0
426,1502345160,0.0057,0.0057,0.0057,0.0057,0
427,1502345340,0.0057,0.0057,0.0057,0.0057,0
428,1502345520,0.0057,0.0057,0.0057,0.0057,0
429,1502345700,0.0057,0.0057,0.0057,0.0057,0
430,1502345880,0.0057,0.0057,0.0057,0.0057,0
431,1502346060,0.0057,0.0057,0.0057,0.0057,0
432,1502346240,0.0057,0.0057,0.0057,0.0057,0
433,1502346420,0.0057,0.0057,0.0057,0.0057,0
434,1502346600,0.0057,0.0057,0.0057,0.0057,0
435,1502346780,0.0057,0.0057,0.0057,0.0057,0
436,1502346960,0.0057,0.0057,0.0057,0.0057,0
437,1502347140,0.0044,0.0043,0.0044,0.0043,162.5143
438,1502347320,0.0043,0.0043,0.0043,0.0043,0
439,1502347500,0.0043,0.0043,0.0043,0.0043,0
440,1502347680,0.0043,0.0043,0.0043,0.0043,0
441,1502347860,0.0043,0.0043,0.0043,0.0043,0
442,1502348040,0.0043,0.0043,0.0043,0.0043,0
443,1502348220,0.0043,0.0043,0.0043,0.0043,0
444,1502348400,0.0043,0.0043,0.0043,0.0043,0
445,1502348580,0.0043,0.0043,0.0043,0.0043,0
446,1502348760,0.0043,0.0043,0.0043,0.0043,0
447,1502348940,0.0043,0.0043,0.0043,0.0043,0
448,1502349120,0.0043,0.0043,0.0043,0.0043,0
449,1502349300,0.0043,0.0043,0.0043,0.0043,0
450,1502349480,0.0043,0.0043,0.0043,0.0043,0
451,1502349660,0.0043,0.0043,0.0043,0.0043,0
452,1502349840,0.0057,0.0057,0.0057,0.0057,3.98
453,1502350020,0.0057,0.0063,0.0063,0.0057,43
454,1502350200,0.0062,0.0062,0.0062,0.0062,114.645
455,1502350380,0.0062,0.0062,0.0062,0.0062,0
456,1502350560,0.0062,0.0062,0.0062,0.0062,0
457,1502350740,0.0063,0.0063,0.0063,0.0063,19.0583
458,1502350920,0.0046,0.0046,0.0046,0.0046,1
459,1502351100,0.0046,0.0046,0.0046,0.0046,0
460,1502351280,0.0046,0.0046,0.0046,0.0046,0
461,1502351460,0.0046,0.0046,0.0046,0.0046,0
462,1502351640,0.0046,0.0046,0.0046,0.0046,0
463,1502351820,0.0046,0.0046,0.0046,0.0046,0
464,1502352000,0.0046,0.0046,0.0046,0.0046,0
465,1502352180,0.0046,0.0046,0.0046,0.0046,0
466,1502352360,0.0046,0.0046,0.0046,0.0046,0
467,1502352540,0.0046,0.0046,0.0046,0.0046,0
468,1502352720,0.0046,0.0046,0.0046,0.0046,0
469,1502352900,0.0046,0.0046,0.0046,0.0046,0
470,1502353080,0.0046,0.0046,0.0046,0.0046,0
471,1502353260,0.0061,0.0061,0.0061,0.0061,3
472,1502353440,0.0061,0.0061,0.0061,0.0061,0
473,1502353620,0.0061,0.0061,0.0061,0.0061,0
474,1502353800,0.0061,0.0061,0.0061,0.0061,0
475,1502353980,0.0061,0.0061,0.0061,0.0061,0
476,1502354160,0.0061,0.0061,0.0061,0.0061,0
477,1502354340,0.0061,0.0061,0.0061,0.0061,0
478,1502354520,0.0061,0.0061,0.0061,0.0061,0
479,1502354700,0.0061,0.0061,0.0061,0.0061,0
480,1502354880,0.0061,0.0061,0.0061,0.0061,0
481,1502355060,0.0061,0.0061,0.0061,0.0061,0
482,1502355240,0.0061,0.0061,0.0061,0.0061,0
483,1502355420,0.006,0.0061,0.0061,0.006,13.9245
484,1502355600,0.0061,0.0061,0.0061,0.0061,0
485,1502355780,0.0061,0.0061,0.0061,0.0061,80.223
486,1502355960,0.0061,0.0061,0.0061,0.0061,0
487,1502356140,0.0061,0.0061,0.0061,0.0061,0
488,1502356320,0.0061,0.0061,0.0061,0.0061,0
489,1502356500,0.0061,0.0061,0.0061,0.0061,0
490,1502356680,0.0061,0.0061,0.0061,0.0061,0
491,1502356860,0.0061,0.0061,0.0061,0.0061,0
492,1502357040,0.0061,0.0061,0.0061,0.0061,0
493,1502357220,0.006,0.0061,0.0061,0.006,6
494,1502357400,0.0061,0.0061,0.0061,0.0061,1
495,1502357580,0.0061,0.0061,0.0061,0.0061,70
496,1502357760,0.0061,0.0061,0.0061,0.0061,0
497,1502357940,0.0062,0.0064,0.0064,0.0062,59
498,1502358120,0.0064,0.0064,0.0064,0.0064,0
499,1502358300,0.0064,0.0064,0.0064,0.0064,0
500,1502358480,0.0064,0.0064,0.0064,0.0064,11
501,1502358660,0.0064,0.0064,0.0064,0.0064,0
502,1502358840,0.0064,0.0064,0.0064,0.0064,0
503,1502359020,0.0064,0.0064,0.0064,0.0064,170.6406
504,1502359200,0.0064,0.0064,0.0064,0.0064,0
505,1502359380,0.0064,0.0064,0.0064,0.0064,0
506,1502359560,0.0064,0.0064,0.0064,0.0064,0
507,1502359740,0.0061,0.0061,0.0061,0.0061,0.5
508,1502359920,0.0061,0.0061,0.0061,0.0061,0
509,1502360100,0.0061,0.0061,0.0061,0.0061,0
510,1502360280,0.0061,0.0061,0.0061,0.0061,0
511,1502360460,0.0061,0.0061,0.0061,0.0061,0
512,1502360640,0.0061,0.0061,0.0061,0.0061,0
513,1502360820,0.0061,0.0061,0.0061,0.0061,0
514,1502361000,0.0061,0.0061,0.0061,0.0061,0
515,1502361180,0.0061,0.0061,0.0061,0.0061,0
516,1502361360,0.0061,0.0061,0.0061,0.0061,0
517,1502361540,0.0061,0.0061,0.0061,0.0061,0
518,1502361720,0.0061,0.0061,0.0061,0.0061,0
519,1502361900,0.0061,0.0061,0.0061,0.0061,0
520,1502362080,0.0061,0.0061,0.0061,0.0061,0
521,1502362260,0.0061,0.0061,0.0061,0.0061,0
522,1502362440,0.0061,0.0061,0.0061,0.0061,0
523,1502362620,0.0061,0.0061,0.0061,0.0061,0
524,1502362800,0.0061,0.0061,0.0061,0.0061,0
525,1502362980,0.0061,0.0061,0.0061,0.0061,0
526,1502363160,0.0061,0.0061,0.0061,0.0061,0
527,1502363340,0.0061,0.0061,0.0061,0.0061,0
528,1502363520,0.0061,0.0061,0.0061,0.0061,0
529,1502363700,0.0061,0.0061,0.0061,0.0061,0
530,1502363880,0.0061,0.0061,0.0061,0.0061,0
531,1502364060,0.0061,0.0061,0.0061,0.0061,0
532,1502364240,0.0061,0.0061,0.0061,0.0061,0
533,1502364420,0.0061,0.0061,0.0061,0.0061,0
534,1502364600,0.0061,0.0061,0.0061,0.0061,0
535,1502364780,0.0061,0.0061,0.0061,0.0061,0
536,1502364960,0.0061,0.0061,0.0061,0.0061,0
537,1502365140,0.0061,0.0061,0.0061,0.0061,0
538,1502365320,0.0061,0.0061,0.0061,0.0061,0
539,1502365500,0.0061,0.0061,0.0061,0.0061,0
540,1502365680,0.0061,0.0061,0.0061,0.0061,0
541,1502365860,0.0061,0.0061,0.0061,0.0061,0
542,1502366040,0.0061,0.0061,0.0061,0.0061,0
543,1502366220,0.0061,0.0061,0.0061,0.0061,0
544,1502366400,0.0061,0.0061,0.0061,0.0061,0
545,1502366580,0.0061,0.0061,0.0061,0.0061,0
546,1502366760,0.0061,0.0061,0.0061,0.0061,0
547,1502366940,0.0061,0.0061,0.0061,0.0061,0
548,1502367120,0.0061,0.0061,0.0061,0.0061,0
549,1502367300,0.0061,0.0061,0.0061,0.0061,0
550,1502367480,0.0061,0.0061,0.0061,0.0061,0
551,1502367660,0.0061,0.0061,0.0061,0.0061,0
552,1502367840,0.0061,0.0061,0.0061,0.0061,0
553,1502368020,0.0061,0.0061,0.0061,0.0061,0
554,1502368200,0.0061,0.0061,0.0061,0.0061,0
555,1502368380,0.0061,0.0061,0.0061,0.0061,0
556,1502368560,0.0061,0.0061,0.0061,0.0061,0
557,1502368740,0.0061,0.0061,0.0061,0.0061,0
558,1502368920,0.0061,0.0061,0.0061,0.0061,0
559,1502369100,0.0061,0.0061,0.0061,0.0061,0
560,1502369280,0.0061,0.0061,0.0061,0.0061,0
561,1502369460,0.0061,0.0061,0.0061,0.0061,0
562,1502369640,0.0061,0.0061,0.0061,0.0061,0
563,1502369820,0.0061,0.0061,0.0061,0.0061,0
564,1502370000,0.0061,0.0061,0.0061,0.0061,0
565,1502370180,0.0061,0.0061,0.0061,0.0061,0
566,1502370360,0.0061,0.0061,0.0061,0.0061,0
567,1502370540,0.0061,0.0061,0.0061,0.0061,0
568,1502370720,0.0061,0.0061,0.0061,0.0061,5.8032
569,1502370900,0.0061,0.0061,0.0061,0.0061,0
570,1502371080,0.0061,0.0061,0.0061,0.0061,0
571,1502371260,0.0061,0.0061,0.0061,0.0061,0
572,1502371440,0.0061,0.0061,0.0061,0.0061,0
573,1502371620,0.0061,0.0061,0.0061,0.0061,0
574,1502371800,0.0061,0.0061,0.0061,0.0061,0
575,1502371980,0.0061,0.0061,0.0061,0.0061,0
576,1502372160,0.0061,0.0061,0.0061,0.0061,0
577,1502372340,0.0049,0.0043,0.0049,0.0043,342
578,1502372520,0.0043,0.0043,0.0043,0.0043,21.5784
579,1502372700,0.0043,0.0043,0.0043,0.0043,0
580,1502372880,0.0043,0.0043,0.0043,0.0043,0
581,1502373060,0.0043,0.0043,0.0043,0.0043,0
582,1502373240,0.0043,0.0043,0.0043,0.0043,0
583,1502373420,0.0043,0.0043,0.0043,0.0043,0
584,1502373600,0.0043,0.0043,0.0043,0.0043,57.0012
585,1502373780,0.0043,0.0043,0.0043,0.0043,0
586,1502373960,0.0043,0.0043,0.0043,0.0043,10
587,1502374140,0.0043,0.0043,0.0043,0.0043,0
588,1502374320,0.0043,0.0043,0.0043,0.0043,0
589,1502374500,0.0043,0.0043,0.0043,0.0043,0
590,1502374680,0.0043,0.0043,0.0043,0.0043,0
591,1502374860,0.0043,0.0043,0.0043,0.0043,0
592,1502375040,0.0043,0.0043,0.0043,0.0043,0
593,1502375220,0.0043,0.0043,0.0043,0.0043,0
594,1502375400,0.0043,0.0043,0.0043,0.0043,0
595,1502375580,0.0043,0.0043,0.0043,0.0043,0
596,1502375760,0.0043,0.0043,0.0043,0.0043,50
597,1502375940,0.0043,0.0043,0.0043,0.0043,0
598,1502376120,0.0043,0.0043,0.0043,0.0043,0
599,1502376300,0.0043,0.0043,0.0043,0.0043,0
600,1502376480,0.0043,0.0043,0.0043,0.0043,0
601,1502376660,0.0043,0.0043,0.0043,0.0043,0
602,1502376840,0.0043,0.0043,0.0043,0.0043,0
603,1502377020,0.0043,0.0043,0.0043,0.0043,0
604,1502377200,0.0043,0.0043,0.0043,0.0043,0
605,1502377380,0.0043,0.0043,0.0043,0.0043,0
606,1502377560,0.0043,0.0043,0.0043,0.0043,0
607,1502377740,0.0043,0.0043,0.0043,0.0043,400
608,1502377920,0.0043,0.0043,0.0043,0.0043,0
609,1502378100,0.0043,0.0043,0.0043,0.0043,0
610,1502378280,0.0043,0.0043,0.0043,0.0043,0
611,1502378460,0.0043,0.0043,0.0043,0.0043,0
612,1502378640,0.0043,0.0043,0.0043,0.0043,0
613,1502378820,0.0043,0.0043,0.0043,0.0043,0
614,1502379000,0.0043,0.0043,0.0043,0.0043,17.9
615,1502379180,0.0043,0.0043,0.0043,0.0043,0
616,1502379360,0.0043,0.0043,0.0043,0.0043,0
617,1502379540,0.0043,0.0043,0.0043,0.0043,0
618,1502379720,0.0043,0.0043,0.0043,0.0043,0
619,1502379900,0.0043,0.0041,0.0043,0.0041,104.5
620,1502380080,0.0041,0.0041,0.0041,0.0041,0
621,1502380260,0.0041,0.0041,0.0041,0.0041,0
622,1502380440,0.0042,0.0042,0.0042,0.0042,238.0952
623,1502380620,0.0042,0.0042,0.0042,0.0042,0
624,1502380800,0.0042,0.0042,0.0042,0.0042,0
625,1502380980,0.0042,0.0042,0.0042,0.0042,0
626,1502381160,0.0042,0.0042,0.0042,0.0042,0
627,1502381340,0.0042,0.0042,0.0042,0.0042,0
628,1502381520,0.0042,0.0042,0.0042,0.0042,0
629,1502381700,0.0041,0.0041,0.0041,0.0041,60
630,1502381880,0.0041,0.0041,0.0041,0.0041,0
631,1502382060,0.0041,0.0041,0.0041,0.0041,0
632,1502382240,0.0041,0.0041,0.0041,0.0041,0
633,1502382420,0.0041,0.0041,0.0041,0.0041,0
634,1502382600,0.0041,0.0041,0.0041,0.0041,0
635,1502382780,0.0041,0.0041,0.0041,0.0041,0
636,1502382960,0.0041,0.0041,0.0041,0.0041,0
637,1502383140,0.0041,0.0041,0.0041,0.0041,0
638,1502383320,0.0041,0.0041,0.0041,0.0041,0
639,1502383500,0.0041,0.0041,0.0041,0.0041,0
640,1502383680,0.0041,0.0041,0.0041,0.0041,0
641,1502383860,0.0041,0.0041,0.0041,0.0041,0
642,1502384040,0.0041,0.0041,0.0041,0.0041,0
643,1502384220,0.0041,0.0041,0.0041,0.0041,0
644,1502384400,0.0041,0.0041,0.0041,0.0041,0
645,1502384580,0.0041,0.0041,0.0041,0.0041,0
646,1502384760,0.0041,0.0041,0.0041,0.0041,0
647,1502384940,0.0041,0.0041,0.0041,0.0041,0
648,1502385120,0.0041,0.0041,0.0041,0.0041,0
649,1502385300,0.0041,0.0041,0.0041,0.0041,0
650,1502385480,0.0041,0.0041,0.0041,0.0041,0
651,1502385660,0.0041,0.0041,0.0041,0.0041,0
652,1502385840,0.0041,0.0041,0.0041,0.0041,0
653,1502386020,0.0041,0.0041,0.0041,0.0041,0
654,1502386200,0.0041,0.0041,0.0041,0.0041,0
655,1502386380,0.0041,0.0041,0.0041,0.0041,0
656,1502386560,0.0041,0.0041,0.0041,0.0041,0
657,1502386740,0.0041,0.0041,0.0041,0.0041,0
658,1502386920,0.0041,0.0041,0.0041,0.0041,0
659,1502387100,0.0041,0.0041,0.0041,0.0041,0
660,1502387280,0.0041,0.0041,0.0041,0.0041,0
661,1502387460,0.0041,0.0041,0.0041,0.0041,0
662,1502387640,0.0041,0.0041,0.0041,0.0041,0
663,1502387820,0.0041,0.0041,0.0041,0.0041,0
664,1502388000,0.0041,0.0041,0.0041,0.0041,0
665,1502388180,0.0041,0.0041,0.0041,0.0041,0
666,1502388360,0.0041,0.0041,0.0041,0.0041,0
667,1502388540,0.0041,0.0041,0.0041,0.0041,0
668,1502388720,0.0041,0.0041,0.0041,0.0041,0
669,1502388900,0.0041,0.0041,0.0041,0.0041,0
670,1502389080,0.0041,0.0041,0.0041,0.0041,0
671,1502389260,0.0041,0.0041,0.0041,0.0041,0
672,1502389440,0.0041,0.0041,0.0041,0.0041,0
673,1502389620,0.0041,0.0041,0.0041,0.0041,0
674,1502389800,0.0041,0.0041,0.0041,0.0041,0
675,1502389980,0.0041,0.0041,0.0041,0.0041,0
676,1502390160,0.0041,0.0041,0.0041,0.0041,0
677,1502390340,0.0041,0.0041,0.0041,0.0041,0
678,1502390520,0.0041,0.0041,0.0041,0.0041,0
679,1502390700,0.0041,0.0041,0.0041,0.0041,0
680,1502390880,0.0041,0.0041,0.0041,0.0041,0
681,1502391060,0.0041,0.0041,0.0041,0.0041,0
682,1502391240,0.0041,0.0041,0.0041,0.0041,0
683,1502391420,0.0041,0.0041,0.0041,0.0041,0
684,1502391600,0.0041,0.0041,0.0041,0.0041,0
685,1502391780,0.0041,0.0041,0.0041,0.0041,0
686,1502391960,0.0041,0.0041,0.0041,0.0041,0
687,1502392140,0.0041,0.0041,0.0041,0.0041,0
688,1502392320,0.0041,0.0041,0.0041,0.0041,0
689,1502392500,0.0041,0.0041,0.0041,0.0041,0
690,1502392680,0.0041,0.0041,0.0041,0.0041,0
691,1502392860,0.0041,0.0041,0.0041,0.0041,0
692,1502393040,0.0041,0.0041,0.0041,0.0041,0
693,1502393220,0.0041,0.0041,0.0041,0.0041,0
694,1502393400,0.0041,0.0041,0.0041,0.0041,0
695,1502393580,0.0041,0.0041,0.0041,0.0041,0
696,1502393760,0.0041,0.0041,0.0041,0.0041,0
697,1502393940,0.0041,0.0041,0.0041,0.0041,0
698,1502394120,0.0041,0.0041,0.0041,0.0041,0
699,1502394300,0.0041,0.0041,0.0041,0.0041,0
700,1502394480,0.0041,0.0041,0.0041,0.0041,0
701,1502394660,0.0041,0.0041,0.0041,0.0041,0
702,1502394840,0.0041,0.0041,0.0041,0.0041,0
703,1502395020,0.0041,0.0041,0.0041,0.0041,0
704,1502395200,0.0041,0.0041,0.0041,0.0041,0
705,1502395380,0.0041,0.0041,0.0041,0.0041,0
706,1502395560,0.0041,0.0041,0.0041,0.0041,0
707,1502395740,0.0041,0.0041,0.0041,0.0041,0
708,1502395920,0.0041,0.0041,0.0041,0.0041,0
709,1502396100,0.0041,0.0041,0.0041,0.0041,0
710,1502396280,0.0041,0.0041,0.0041,0.0041,0
711,1502396460,0.0041,0.0041,0.0041,0.0041,0
712,1502396640,0.0041,0.0041,0.0041,0.0041,0
713,1502396820,0.0041,0.0041,0.0041,0.0041,0
714,1502397000,0.0041,0.0041,0.0041,0.0041,0
715,1502397180,0.0041,0.0041,0.0041,0.0041,0
716,1502397360,0.0041,0.0041,0.0041,0.0041,0
717,1502397540,0.0041,0.0041,0.0041,0.0041,0
718,1502397720,0.0041,0.0041,0.0041,0.0041,0
719,1502397900,0.0041,0.0041,0.0041,0.0041,0
720,1502398080,0.0041,0.0041,0.0041,0.0041,0
721,1502398260,0.0041,0.0041,0.0041,0.0041,0
722,1502398440,0.0041,0.0041,0.0041,0.0041,0
723,1502398620,0.0041,0.0041,0.0041,0.0041,0
724,1502398800,0.0041,0.0041,0.0041,0.0041,0
725,1502398980,0.0041,0.0041,0.0041,0.0041,0
726,1502399160,0.0041,0.0041,0.0041,0.0041,0
727,1502399340,0.0041,0.0041,0.0041,0.0041,0
728,1502399520,0.0041,0.0041,0.0041,0.0041,0
729,1502399700,0.0041,0.0041,0.0041,0.0041,0
730,1502399880,0.0041,0.0041,0.0041,0.0041,0
731,1502400060,0.0041,0.0041,0.0041,0.0041,0
732,1502400240,0.0041,0.0041,0.0041,0.0041,0
733,1502400420,0.0041,0.0041,0.0041,0.0041,0
734,1502400600,0.0041,0.0041,0.0041,0.0041,0
735,1502400780,0.0041,0.0041,0.0041,0.0041,0
736,1502400960,0.0041,0.0041,0.0041,0.0041,0.3297
737,1502401140,0.0042,0.0042,0.0042,0.0042,1.1
738,1502401320,0.0042,0.0042,0.0042,0.0042,0.0498
739,1502401500,0.0042,0.0042,0.0042,0.0042,0
740,1502401680,0.0042,0.0042,0.0042,0.0042,0
741,1502401860,0.0042,0.0042,0.0042,0.0042,0
742,1502402040,0.0042,0.0042,0.0042,0.0042,0
743,1502402220,0.0042,0.0042,0.0042,0.0042,0
744,1502402400,0.0042,0.0042,0.0042,0.0042,0
745,1502402580,0.0042,0.0042,0.0042,0.0042,0
746,1502402760,0.0042,0.0042,0.0042,0.0042,0
747,1502402940,0.0042,0.0042,0.0042,0.0042,0
748,1502403120,0.0042,0.0042,0.0042,0.0042,0
749,1502403300,0.0042,0.0042,0.0042,0.0042,0
750,1502403480,0.0042,0.0042,0.0042,0.0042,0
751,1502403660,0.0042,0.0042,0.0042,0.0042,0
752,1502403840,0.0042,0.0042,0.0042,0.0042,0
753,1502404020,0.0042,0.0042,0.0042,0.0042,0
754,1502404200,0.0042,0.0042,0.0042,0.0042,0
755,1502404380,0.0042,0.0042,0.0042,0.0042,0
756,1502404560,0.0042,0.0042,0.0042,0.0042,0
757,1502404740,0.0042,0.0042,0.0042,0.0042,0
758,1502404920,0.0042,0.0042,0.0042,0.0042,0
759,1502405100,0.0042,0.0042,0.0042,0.0042,0
760,1502405280,0.0042,0.0042,0.0042,0.0042,0
761,1502405460,0.0042,0.0042,0.0042,0.0042,0
762,1502405640,0.0042,0.0042,0.0042,0.0042,0
763,1502405820,0.0042,0.0042,0.0042,0.0042,0
764,1502406000,0.0042,0.0042,0.0042,0.0042,0
765,1502406180,0.0042,0.0042,0.0042,0.0042,0
766,1502406360,0.0042,0.0042,0.0042,0.0042,0
767,1502406540,0.0042,0.0042,0.0042,0.0042,0
768,1502406720,0.0042,0.0042,0.0042,0.0042,0
769,1502406900,0.0042,0.0042,0.0042,0.0042,0
770,1502407080,0.0042,0.0042,0.0042,0.0042,0
771,1502407260,0.0042,0.0042,0.0042,0.0042,0
772,1502407440,0.0042,0.0042,0.0042,0.0042,0
773,1502407620,0.0042,0.0042,0.0042,0.0042,0
774,1502407800,0.0042,0.0042,0.0042,0.0042,0
775,1502407980,0.0042,0.0042,0.0042,0.0042,0
776,1502408160,0.0042,0.0042,0.0042,0.0042,0
777,1502408340,0.0042,0.004,0.0042,0.004,49.1
778,1502408520,0.004,0.004,0.004,0.004,0
779,1502408700,0.004,0.004,0.004,0.004,0
780,1502408880,0.004,0.004,0.004,0.004,0
781,1502409060,0.004,0.004,0.004,0.004,0
782,1502409240,0.004,0.004,0.004,0.004,0
783,1502409420,0.004,0.004,0.004,0.004,0
784,1502409600,0.004,0.004,0.004,0.004,0
785,1502409780,0.004,0.004,0.004,0.004,0
786,1502409960,0.004,0.004,0.004,0.004,0
787,1502410140,0.004,0.004,0.004,0.004,0
788,1502410320,0.004,0.004,0.004,0.004,0
789,1502410500,0.004,0.004,0.004,0.004,0
790,1502410680,0.004,0.004,0.004,0.004,0
791,1502410860,0.004,0.004,0.004,0.004,0
792,1502411040,0.004,0.004,0.004,0.004,0
793,1502411220,0.004,0.004,0.004,0.004,0
794,1502411400,0.004,0.004,0.004,0.004,0
795,1502411580,0.004,0.004,0.004,0.004,0
796,1502411760,0.004,0.004,0.004,0.004,30.5939
797,1502411940,0.004,0.004,0.004,0.004,0
798,1502412120,0.004,0.004,0.004,0.004,0
799,1502412300,0.004,0.004,0.004,0.004,0
800,1502412480,0.004,0.004,0.004,0.004,0
801,1502412660,0.004,0.004,0.004,0.004,0
802,1502412840,0.004,0.004,0.004,0.004,25
803,1502413020,0.004,0.0039,0.004,0.0039,55.6335
804,1502413200,0.0039,0.0039,0.0039,0.0039,0
805,1502413380,0.0039,0.0039,0.0039,0.0039,0
806,1502413560,0.0039,0.0039,0.0039,0.0039,0
807,1502413740,0.0039,0.0039,0.0039,0.0039,0
808,1502413920,0.0039,0.0039,0.0039,0.0039,0
809,1502414100,0.0039,0.0039,0.0039,0.0039,0
810,1502414280,0.0039,0.0039,0.0039,0.0039,0
811,1502414460,0.0039,0.0039,0.0039,0.0039,0
812,1502414640,0.0039,0.0039,0.0039,0.0039,0
813,1502414820,0.0039,0.0039,0.0039,0.0039,0
814,1502415000,0.0039,0.0039,0.0039,0.0039,0
815,1502415180,0.0039,0.0039,0.0039,0.0039,0
816,1502415360,0.0039,0.0039,0.0039,0.0039,0
817,1502415540,0.0039,0.0039,0.0039,0.0039,0
818,1502415720,0.0039,0.0039,0.0039,0.0039,0
819,1502415900,0.0039,0.0039,0.0039,0.0039,0
820,1502416080,0.0039,0.0039,0.0039,0.0039,0
821,1502416260,0.0039,0.0039,0.0039,0.0039,0
822,1502416440,0.0039,0.0039,0.0039,0.0039,0
823,1502416620,0.0039,0.0039,0.0039,0.0039,0
824,1502416800,0.0039,0.0039,0.0039,0.0039,0
825,1502416980,0.0039,0.0039,0.0039,0.0039,0
826,1502417160,0.0039,0.0039,0.0039,0.0039,0
827,1502417340,0.0039,0.0039,0.0039,0.0039,0
828,1502417520,0.0039,0.0039,0.0039,0.0039,0
829,1502417700,0.0039,0.0039,0.0039,0.0039,0
830,1502417880,0.0039,0.0039,0.0039,0.0039,0
831,1502418060,0.0039,0.0039,0.0039,0.0039,0
832,1502418240,0.0039,0.0039,0.0039,0.0039,0
833,1502418420,0.0039,0.0039,0.0039,0.0039,0
834,1502418600,0.0039,0.0039,0.0039,0.0039,0
835,1502418780,0.0039,0.0036,0.0039,0.0036,554
836,1502418960,0.0036,0.0036,0.0036,0.0036,0
837,1502419140,0.0036,0.0036,0.0036,0.0036,0
838,1502419320,0.0036,0.0036,0.0036,0.0036,0
839,1502419500,0.0036,0.0036,0.0036,0.0036,0
840,1502419680,0.0036,0.0036,0.0036,0.0036,0
841,1502419860,0.0036,0.0036,0.0036,0.0036,0
842,1502420040,0.0036,0.0036,0.0036,0.0036,0
843,1502420220,0.0036,0.0036,0.0036,0.0036,0
844,1502420400,0.0036,0.0036,0.0036,0.0036,0
845,1502420580,0.0036,0.0036,0.0036,0.0036,0
846,1502420760,0.0036,0.0036,0.0036,0.0036,0
847,1502420940,0.0036,0.0036,0.0036,0.0036,0
848,1502421120,0.0036,0.0036,0.0036,0.0036,0
849,1502421300,0.0036,0.0036,0.0036,0.0036,0
850,1502421480,0.0036,0.0036,0.0036,0.0036,0
851,1502421660,0.0036,0.0036,0.0036,0.0036,0
852,1502421840,0.0036,0.0036,0.0036,0.0036,0
853,1502422020,0.0036,0.0036,0.0036,0.0036,0
854,1502422200,0.0036,0.0036,0.0036,0.0036,0
855,1502422380,0.0036,0.0036,0.0036,0.0036,0
856,1502422560,0.0036,0.0036,0.0036,0.0036,0
857,1502422740,0.0036,0.0036,0.0036,0.0036,0
858,1502422920,0.0036,0.0036,0.0036,0.0036,0
859,1502423100,0.0036,0.0036,0.0036,0.0036,0
860,1502423280,0.0036,0.0036,0.0036,0.0036,0
861,1502423460,0.0036,0.0036,0.0036,0.0036,0
862,1502423640,0.0036,0.0036,0.0036,0.0036,0
863,1502423820,0.0036,0.0036,0.0036,0.0036,0
864,1502424000,0.0036,0.0036,0.0036,0.0036,0
865,1502424180,0.0036,0.0036,0.0036,0.0036,0
866,1502424360,0.0036,0.0025,0.0036,0.0025,2000
867,1502424540,0.0025,0.0025,0.0025,0.0025,0
868,1502424720,0.0025,0.0025,0.0025,0.0025,0
869,1502424900,0.0025,0.0025,0.0025,0.0025,0
870,1502425080,0.0025,0.0025,0.0025,0.0025,0
871,1502425260,0.0025,0.0025,0.0025,0.0025,0
872,1502425440,0.0025,0.0025,0.0025,0.0025,0
873,1502425620,0.0025,0.0025,0.0025,0.0025,0
874,1502425800,0.0025,0.0025,0.0025,0.0025,0
875,1502425980,0.0025,0.0025,0.0025,0.0025,0
876,1502426160,0.0025,0.0025,0.0025,0.0025,0
877,1502426340,0.0025,0.0025,0.0025,0.0025,0
878,1502426520,0.0025,0.0025,0.0025,0.0025,0
879,1502426700,0.0031,0.003,0.0031,0.003,2
880,1502426880,0.003,0.003,0.003,0.003,0
881,1502427060,0.003,0.003,0.003,0.003,9.93
882,1502427240,0.003,0.003,0.003,0.003,0
883,1502427420,0.003,0.003,0.003,0.003,0
884,1502427600,0.003,0.003,0.003,0.003,0
885,1502427780,0.003,0.003,0.003,0.003,0
886,1502427960,0.003,0.003,0.003,0.003,0
887,1502428140,0.003,0.003,0.003,0.003,0
888,1502428320,0.003,0.003,0.003,0.003,0
889,1502428500,0.003,0.003,0.003,0.003,0
890,1502428680,0.003,0.003,0.003,0.003,0
891,1502428860,0.003,0.003,0.003,0.003,0
892,1502429040,0.003,0.003,0.003,0.003,0
893,1502429220,0.003,0.003,0.003,0.003,0
894,1502429400,0.003,0.003,0.003,0.003,0
895,1502429580,0.003,0.003,0.003,0.003,0.0033
896,1502429760,0.003,0.003,0.003,0.003,0
897,1502429940,0.003,0.003,0.003,0.003,43.0576
898,1502430120,0.003,0.003,0.003,0.003,0
899,1502430300,0.003,0.003,0.003,0.003,0
900,1502430480,0.003,0.003,0.003,0.003,0
901,1502430660,0.003,0.003,0.003,0.003,0
902,1502430840,0.003,0.003,0.003,0.003,0
903,1502431020,0.003,0.003,0.003,0.003,0
904,1502431200,0.003,0.003,0.003,0.003,0
905,1502431380,0.003,0.003,0.003,0.003,0
906,1502431560,0.003,0.003,0.003,0.003,0
907,1502431740,0.003,0.003,0.003,0.003,0
908,1502431920,0.003,0.003,0.003,0.003,0
909,1502432100,0.003,0.003,0.003,0.003,0
910,1502432280,0.003,0.003,0.003,0.003,0
911,1502432460,0.003,0.003,0.003,0.003,0
912,1502432640,0.003,0.003,0.003,0.003,0
913,1502432820,0.003,0.003,0.003,0.003,0
914,1502433000,0.003,0.003,0.003,0.003,0
915,1502433180,0.003,0.003,0.003,0.003,0
916,1502433360,0.003,0.003,0.003,0.003,0
917,1502433540,0.003,0.003,0.003,0.003,0
918,1502433720,0.003,0.003,0.003,0.003,0
919,1502433900,0.003,0.003,0.003,0.003,0
920,1502434080,0.003,0.003,0.003,0.003,0
921,1502434260,0.003,0.003,0.003,0.003,0
922,1502434440,0.003,0.003,0.003,0.003,0
923,1502434620,0.003,0.003,0.003,0.003,0
924,1502434800,0.003,0.003,0.003,0.003,0
925,1502434980,0.003,0.003,0.003,0.003,0
926,1502435160,0.003,0.003,0.003,0.003,0
927,1502435340,0.003,0.003,0.003,0.003,0
928,1502435520,0.003,0.003,0.003,0.003,0
929,1502435700,0.003,0.003,0.003,0.003,0
930,1502435880,0.003,0.003,0.003,0.003,0
931,1502436060,0.0042,0.0046,0.0046,0.0042,5
932,1502436240,0.0047,0.0047,0.0047,0.0047,20.7446
933,1502436420,0.0047,0.0047,0.0047,0.0047,0
934,1502436600,0.0047,0.0047,0.0047,0.0047,0
935,1502436780,0.0047,0.0047,0.0047,0.0047,0
936,1502436960,0.0047,0.0047,0.0047,0.0047,0
937,1502437140,0.0047,0.0047,0.0047,0.0047,0
938,1502437320,0.0047,0.0047,0.0047,0.0047,0
939,1502437500,0.0047,0.0047,0.0047,0.0047,20.4253
940,1502437680,0.0047,0.0047,0.0047,0.0047,0
941,1502437860,0.0047,0.0047,0.0047,0.0047,0
942,1502438040,0.0047,0.0047,0.0047,0.0047,0
943,1502438220,0.0047,0.0047,0.0047,0.0047,0
944,1502438400,0.0047,0.0047,0.0047,0.0047,0
945,1502438580,0.0047,0.0047,0.0047,0.0047,0
946,1502438760,0.0047,0.0047,0.0047,0.0047,20
947,1502438940,0.0047,0.0047,0.0047,0.0047,1.234
948,1502439120,0.0047,0.0047,0.0047,0.0047,0
949,1502439300,0.0047,0.0047,0.0047,0.0047,0
950,1502439480,0.0047,0.0047,0.0047,0.0047,0
951,1502439660,0.0047,0.0047,0.0047,0.0047,0
952,1502439840,0.0047,0.0047,0.0047,0.0047,0
953,1502440020,0.0047,0.0047,0.0047,0.0047,0
954,1502440200,0.0047,0.0047,0.0047,0.0047,0
955,1502440380,0.0047,0.0047,0.0047,0.0047,0
956,1502440560,0.0047,0.0047,0.0047,0.0047,0
957,1502440740,0.0047,0.0047,0.0047,0.0047,0
958,1502440920,0.0047,0.0047,0.0047,0.0047,0
959,1502441100,0.0047,0.0047,0.0047,0.0047,0
960,1502441280,0.0047,0.0047,0.0047,0.0047,0
961,1502441460,0.0047,0.0047,0.0047,0.0047,0
962,1502441640,0.0047,0.0047,0.0047,0.0047,0
963,1502441820,0.0047,0.0047,0.0047,0.0047,0
964,1502442000,0.0047,0.0047,0.0047,0.0047,0
965,1502442180,0.0047,0.0047,0.0047,0.0047,0
966,1502442360,0.0047,0.0047,0.0047,0.0047,0
967,1502442540,0.0047,0.0047,0.0047,0.0047,0
968,1502442720,0.0047,0.0047,0.0047,0.0047,0
969,1502442900,0.0047,0.0047,0.0047,0.0047,0
970,1502443080,0.0047,0.0047,0.0047,0.0047,0
971,1502443260,0.0047,0.0047,0.0047,0.0047,0
972,1502443440,0.0047,0.0047,0.0047,0.0047,0
973,1502443620,0.0036,0.0031,0.0036,0.0031,411.0446
974,1502443800,0.0031,0.0031,0.0031,0.0031,0
975,1502443980,0.0031,0.0031,0.0031,0.0031,0
976,1502444160,0.0031,0.0031,0.0031,0.0031,0
977,1502444340,0.0031,0.0031,0.0031,0.0031,0
978,1502444520,0.0031,0.0031,0.0031,0.0031,0
979,1502444700,0.0031,0.0031,0.0031,0.0031,0
980,1502444880,0.0031,0.0031,0.0031,0.0031,0
981,1502445060,0.0031,0.0031,0.0031,0.0031,0
982,1502445240,0.0031,0.0031,0.0031,0.0031,0
983,1502445420,0.0031,0.0031,0.0031,0.0031,0
984,1502445600,0.0031,0.0031,0.0031,0.0031,0
985,1502445780,0.0031,0.0031,0.0031,0.0031,0
986,1502445960,0.0036,0.0053,0.0053,0.0034,232.0315
987,1502446140,0.0053,0.0053,0.0053,0.0053,0
988,1502446320,0.0053,0.0053,0.0053,0.0053,0
989,1502446500,0.0053,0.0053,0.0053,0.0053,0
990,1502446680,0.0053,0.0053,0.0053,0.0053,0
991,1502446860,0.0053,0.0053,0.0053,0.0053,0
992,1502447040,0.0053,0.0053,0.0053,0.0053,0
993,1502447220,0.0053,0.0053,0.0053,0.0053,0
994,1502447400,0.0053,0.0053,0.0053,0.0053,0
995,1502447580,0.0053,0.0053,0.0053,0.0053,0
996,1502447760,0.0053,0.0053,0.0053,0.0053,0
997,1502447940,0.0034,0.0025,0.0034,0.0025,1278.0351
998,1502448120,0.0025,0.0025,0.0025,0.0025,0
999,1502448300,0.0025,0.0025,0.0025,0.0025,0
1000,1502448480,0.0025,0.0025,0.0025,0.0025,0
1001,1502448660,0.0025,0.0025,0.0025,0.0025,0
1002,1502448840,0.0025,0.0025,0.0025,0.0025,0
1003,1502449020,0.0025,0.0025,0.0025,0.0025,0
1004,1502449200,0.0025,0.0025,0.0025,0.0025,0
1005,1502449380,0.0025,0.0025,0.0025,0.0025,1.337
1006,1502449560,0.0025,0.0025,0.0025,0.0025,0
1007,1502449740,0.0025,0.0025,0.0025,0.0025,0
1008,1502449920,0.0025,0.0025,0.0025,0.0025,0
1009,1502450100,0.0025,0.0025,0.0025,0.0025,6.7855
1010,1502450280,0.0047,0.0048,0.0048,0.0047,33.1875
1011,1502450460,0.0048,0.0048,0.0048,0.0048,0
1012,1502450640,0.0048,0.0048,0.0048,0.0048,0
1013,1502450820,0.0048,0.0048,0.0048,0.0048,0
1014,1502451000,0.0048,0.0048,0.0048,0.0048,0
1015,1502451180,0.0048,0.0048,0.0048,0.0048,0
1016,1502451360,0.0048,0.0048,0.0048,0.0048,0
1017,1502451540,0.0048,0.0048,0.0048,0.0048,0
1018,1502451720,0.0048,0.0048,0.0048,0.0048,0
1019,1502451900,0.0048,0.0048,0.0048,0.0048,0
1020,1502452080,0.0048,0.0048,0.0048,0.0048,0
1021,1502452260,0.0048,0.0048,0.0048,0.0048,0
1022,1502452440,0.0048,0.0048,0.0048,0.0048,0
1023,1502452620,0.0048,0.0048,0.0048,0.0048,0
1024,1502452800,0.0048,0.0048,0.0048,0.0048,0
1025,1502452980,0.0048,0.0048,0.0048,0.0048,0
1026,1502453160,0.0048,0.0048,0.0048,0.0048,0
1027,1502453340,0.0048,0.0048,0.0048,0.0048,0
1028,1502453520,0.0048,0.0048,0.0048,0.0048,0
1029,1502453700,0.0048,0.0048,0.0048,0.0048,0
1030,1502453880,0.0048,0.0048,0.0048,0.0048,0
1031,1502454060,0.0048,0.0048,0.0048,0.0048,0
1032,1502454240,0.0048,0.0048,0.0048,0.0048,0
1033,1502454420,0.0048,0.0048,0.0048,0.0048,0
1034,1502454600,0.0048,0.0048,0.0048,0.0048,0
1035,1502454780,0.0048,0.0048,0.0048,0.0048,0
1036,1502454960,0.0048,0.0048,0.0048,0.0048,0
1037,1502455140,0.0048,0.0048,0.0048,0.0048,0
1038,1502455320,0.0048,0.0048,0.0048,0.0048,0
1039,1502455500,0.0048,0.0048,0.0048,0.0048,0
1040,1502455680,0.0048,0.0048,0.0048,0.0048,0
1041,1502455860,0.0048,0.0048,0.0048,0.0048,0
1042,1502456040,0.0048,0.0048,0.0048,0.0048,0
1043,1502456220,0.0048,0.0048,0.0048,0.0048,0
1044,1502456400,0.0047,0.0053,0.0053,0.0047,908.6535
1045,1502456580,0.0053,0.0053,0.0053,0.0053,211.3773
1046,1502456760,0.0053,0.0053,0.0053,0.0053,0
1047,1502456940,0.0053,0.0053,0.0053,0.0053,0
1048,1502457120,0.0053,0.0053,0.0053,0.0053,0
1049,1502457300,0.0053,0.0053,0.0053,0.0053,0
1050,1502457480,0.0053,0.0053,0.0053,0.0053,0
1051,1502457660,0.0053,0.0053,0.0053,0.0053,0
1052,1502457840,0.0053,0.0053,0.0053,0.0053,0
1053,1502458020,0.0053,0.0053,0.0053,0.0053,0
1054,1502458200,0.0053,0.0053,0.0053,0.0053,0
1055,1502458380,0.0053,0.0053,0.0053,0.0053,0
1056,1502458560,0.0053,0.0053,0.0053,0.0053,0
1057,1502458740,0.0053,0.0053,0.0053,0.0053,0
1058,1502458920,0.0053,0.0053,0.0053,0.0053,0
1059,1502459100,0.0053,0.0053,0.0053,0.0053,0
1060,1502459280,0.0053,0.0053,0.0053,0.0053,0
1061,1502459460,0.0053,0.0053,0.0053,0.0053,0
1062,1502459640,0.0053,0.0053,0.0053,0.0053,0
1063,1502459820,0.0053,0.0053,0.0053,0.0053,0
1064,1502460000,0.0029,0.0025,0.0029,0.0025,906.8361
1065,1502460180,0.0052,0.0059,0.0059,0.0052,438.7686
1066,1502460360,0.0059,0.0059,0.0059,0.0059,0
1067,1502460540,0.0058,0.0058,0.0058,0.0058,13.5
1068,1502460720,0.0058,0.0058,0.0058,0.0058,0
1069,1502460900,0.0058,0.0058,0.0058,0.0058,0
1070,1502461080,0.0058,0.0058,0.0058,0.0058,0
1071,1502461260,0.0058,0.0058,0.0058,0.0058,0
1072,1502461440,0.0058,0.0058,0.0058,0.0058,0
1073,1502461620,0.0058,0.0058,0.0058,0.0058,0
1074,1502461800,0.0058,0.0058,0.0058,0.0058,0
1075,1502461980,0.0058,0.0058,0.0058,0.0058,0
1076,1502462160,0.0058,0.0058,0.0058,0.0058,0
1077,1502462340,0.0058,0.0058,0.0058,0.0058,0
1078,1502462520,0.0058,0.0058,0.0058,0.0058,0
1079,1502462700,0.0058,0.0058,0.0058,0.0058,0
1080,1502462880,0.0058,0.0058,0.0058,0.0058,0
1081,1502463060,0.0058,0.0058,0.0058,0.0058,0
1082,1502463240,0.0058,0.0058,0.0058,0.0058,0
1083,1502463420,0.0058,0.0058,0.0058,0.0058,0
1084,1502463600,0.0058,0.0058,0.0058,0.0058,0
1085,1502463780,0.003,0.003,0.003,0.003,86.0108
1086,1502463960,0.003,0.003,0.003,0.003,0
1087,1502464140,0.003,0.003,0.003,0.003,0
1088,1502464320,0.003,0.003,0.003,0.003,0
1089,1502464500,0.003,0.003,0.003,0.003,0
1090,1502464680,0.003,0.003,0.003,0.003,0
1091,1502464860,0.003,0.003,0.003,0.003,0
1092,1502465040,0.003,0.003,0.003,0.003,0
1093,1502465220,0.003,0.003,0.003,0.003,0
1094,1502465400,0.003,0.003,0.003,0.003,0
1095,1502465580,0.003,0.003,0.003,0.003,49.8225
1096,1502465760,0.003,0.003,0.003,0.003,0
1097,1502465940,0.003,0.003,0.003,0.003,0
1098,1502466120,0.003,0.003,0.003,0.003,0
1099,1502466300,0.003,0.003,0.003,0.003,0
1100,1502466480,0.003,0.003,0.003,0.003,0
1101,1502466660,0.003,0.003,0.003,0.003,0
1102,1502466840,0.003,0.003,0.003,0.003,0
1103,1502467020,0.003,0.003,0.003,0.003,0
1104,1502467200,0.003,0.003,0.003,0.003,0
1105,1502467380,0.003,0.003,0.003,0.003,0
1106,1502467560,0.003,0.003,0.003,0.003,0
1107,1502467740,0.003,0.003,0.003,0.003,0
1108,1502467920,0.003,0.003,0.003,0.003,0
1109,1502468100,0.003,0.003,0.003,0.003,0
1110,1502468280,0.003,0.003,0.003,0.003,0
1111,1502468460,0.003,0.003,0.003,0.003,0
1112,1502468640,0.003,0.003,0.003,0.003,0
1113,1502468820,0.003,0.003,0.003,0.003,0
1114,1502469000,0.003,0.003,0.003,0.003,0
1115,1502469180,0.003,0.003,0.003,0.003,0
1116,1502469360,0.003,0.003,0.003,0.003,0
1117,1502469540,0.003,0.003,0.003,0.003,0
1118,1502469720,0.003,0.003,0.003,0.003,0
1119,1502469900,0.0035,0.0035,0.0035,0.0035,28.5
1120,1502470080,0.0035,0.0035,0.0035,0.0035,0
1121,1502470260,0.0035,0.0035,0.0035,0.0035,0
1122,1502470440,0.0035,0.0035,0.0035,0.0035,0
1123,1502470620,0.0035,0.0035,0.0035,0.0035,21.8074
1124,1502470800,0.0035,0.0035,0.0035,0.0035,0
1125,1502470980,0.0035,0.0035,0.0035,0.0035,0
1126,1502471160,0.0035,0.0035,0.0035,0.0035,0
1127,1502471340,0.0035,0.0035,0.0035,0.0035,0
1128,1502471520,0.0035,0.0035,0.0035,0.0035,0
1129,1502471700,0.0035,0.0035,0.0035,0.0035,0
1130,1502471880,0.0035,0.0035,0.0035,0.0035,0
1131,1502472060,0.0035,0.0035,0.0035,0.0035,0
1132,1502472240,0.0035,0.0035,0.0035,0.0035,0
1133,1502472420,0.0035,0.0035,0.0035,0.0035,0
1134,1502472600,0.0035,0.0035,0.0035,0.0035,0
1135,1502472780,0.0035,0.0035,0.0035,0.0035,0
1136,1502472960,0.0035,0.0035,0.0035,0.0035,0
1137,1502473140,0.0035,0.0035,0.0035,0.0035,0
1138,1502473320,0.0035,0.0035,0.0035,0.0035,0
1139,1502473500,0.0035,0.0035,0.0035,0.0035,0
1140,1502473680,0.0035,0.0035,0.0035,0.0035,0
1141,1502473860,0.0035,0.0035,0.0035,0.0035,0
1142,1502474040,0.0035,0.0035,0.0035,0.0035,0
1143,1502474220,0.0035,0.0035,0.0035,0.0035,0
1144,1502474400,0.0035,0.0035,0.0035,0.0035,0
1145,1502474580,0.0035,0.0035,0.0035,0.0035,0
1146,1502474760,0.0035,0.0035,0.0035,0.0035,0
1147,1502474940,0.0035,0.0035,0.0035,0.0035,0
1148,1502475120,0.0035,0.0035,0.0035,0.0035,0
1149,1502475300,0.0035,0.0035,0.0035,0.0035,0
1150,1502475480,0.0035,0.0035,0.0035,0.0035,0
1151,1502475660,0.0035,0.0035,0.0035,0.0035,0
1152,1502475840,0.0035,0.0035,0.0035,0.0035,0
1153,1502476020,0.0035,0.0035,0.0035,0.0035,0
1154,1502476200,0.0035,0.0035,0.0035,0.0035,0
1155,1502476380,0.0035,0.0035,0.0035,0.0035,0
1156,1502476560,0.0035,0.0035,0.0035,0.0035,0
1157,1502476740,0.0035,0.0035,0.0035,0.0035,0
1158,1502476920,0.0035,0.0035,0.0035,0.0035,0
1159,1502477100,0.0035,0.0035,0.0035,0.0035,0
1160,1502477280,0.0035,0.0035,0.0035,0.0035,0
1161,1502477460,0.0035,0.0035,0.0035,0.0035,0
1162,1502477640,0.0035,0.0035,0.0035,0.0035,0
1163,1502477820,0.0035,0.0035,0.0035,0.0035,0
1164,1502478000,0.0035,0.0035,0.0035,0.0035,0
1165,1502478180,0.0035,0.0035,0.0035,0.0035,0
1166,1502478360,0.0035,0.0035,0.0035,0.0035,0
1167,1502478540,0.0035,0.0035,0.0035,0.0035,0
1168,1502478720,0.0035,0.0035,0.0035,0.0035,0
1169,1502478900,0.0035,0.0035,0.0035,0.0035,0
1170,1502479080,0.0035,0.0035,0.0035,0.0035,0
1171,1502479260,0.0035,0.0035,0.0035,0.0035,0
1172,1502479440,0.0035,0.0035,0.0035,0.0035,0
1173,1502479620,0.0035,0.0035,0.0035,0.0035,0
1174,1502479800,0.0035,0.0035,0.0035,0.0035,0
1175,1502479980,0.0035,0.0035,0.0035,0.0035,0
1176,1502480160,0.0035,0.0035,0.0035,0.0035,0
1177,1502480340,0.0035,0.0035,0.0035,0.0035,0
1178,1502480520,0.0035,0.0035,0.0035,0.0035,0
1179,1502480700,0.0035,0.0035,0.0035,0.0035,0
1180,1502480880,0.0035,0.0035,0.0035,0.0035,0
1181,1502481060,0.0035,0.0035,0.0035,0.0035,0
1182,1502481240,0.0035,0.0035,0.0035,0.0035,0
1183,1502481420,0.0035,0.0035,0.0035,0.0035,0
1184,1502481600,0.0035,0.0035,0.0035,0.0035,0
1185,1502481780,0.0035,0.0035,0.0035,0.0035,0
1186,1502481960,0.0035,0.0035,0.0035,0.0035,0
1187,1502482140,0.0035,0.0035,0.0035,0.0035,0
1188,1502482320,0.0035,0.0035,0.0035,0.0035,0
1189,1502482500,0.0035,0.0035,0.0035,0.0035,0
1190,1502482680,0.0035,0.0035,0.0035,0.0035,0
1191,1502482860,0.0035,0.0035,0.0035,0.0035,0
1192,1502483040,0.0035,0.0035,0.0035,0.0035,0
1193,1502483220,0.0035,0.0035,0.0035,0.0035,0
1194,1502483400,0.0035,0.0035,0.0035,0.0035,0
1195,1502483580,0.004,0.004,0.004,0.004,1.3471
1196,1502483760,0.004,0.004,0.004,0.004,0.1938
1197,1502483940,0.004,0.004,0.004,0.004,0
1198,1502484120,0.004,0.004,0.004,0.004,0
1199,1502484300,0.004,0.004,0.004,0.004,0
1200,1502484480,0.004,0.004,0.004,0.004,0
1201,1502484660,0.004,0.004,0.004,0.004,0.0741
1202,1502484840,0.004,0.004,0.004,0.004,0
1203,1502485020,0.004,0.004,0.004,0.004,0
1204,1502485200,0.004,0.004,0.004,0.004,0
1205,1502485380,0.004,0.004,0.004,0.004,0
1206,1502485560,0.004,0.004,0.004,0.004,0
1207,1502485740,0.004,0.004,0.004,0.004,0
1208,1502485920,0.004,0.004,0.004,0.004,0
1209,1502486100,0.004,0.004,0.004,0.004,0
1210,1502486280,0.004,0.004,0.004,0.004,0
1211,1502486460,0.004,0.004,0.004,0.004,0
1212,1502486640,0.004,0.004,0.004,0.004,0
1213,1502486820,0.004,0.004,0.004,0.004,0
1214,1502487000,0.004,0.004,0.004,0.004,0
1215,1502487180,0.004,0.004,0.004,0.004,0
1216,1502487360,0.004,0.004,0.004,0.004,0
1217,1502487540,0.004,0.004,0.004,0.004,0
1218,1502487720,0.004,0.004,0.004,0.004,0
1219,1502487900,0.004,0.004,0.004,0.004,0
1220,1502488080,0.004,0.004,0.004,0.004,0
1221,1502488260,0.004,0.004,0.004,0.004,0
1222,1502488440,0.004,0.004,0.004,0.004,0
1223,1502488620,0.004,0.004,0.004,0.004,0
1224,1502488800,0.004,0.004,0.004,0.004,0
1225,1502488980,0.004,0.004,0.004,0.004,0
1226,1502489160,0.004,0.004,0.004,0.004,0
1227,1502489340,0.004,0.004,0.004,0.004,0
1228,1502489520,0.004,0.004,0.004,0.004,0
1229,1502489700,0.004,0.004,0.004,0.004,0
1230,1502489880,0.004,0.004,0.004,0.004,0
1231,1502490060,0.004,0.004,0.004,0.004,0
1232,1502490240,0.004,0.004,0.004,0.004,0
1233,1502490420,0.004,0.004,0.004,0.004,0
1234,1502490600,0.004,0.004,0.004,0.004,0
1235,1502490780,0.004,0.004,0.004,0.004,0
1236,1502490960,0.004,0.004,0.004,0.004,0
1237,1502491140,0.004,0.004,0.004,0.004,0
1238,1502491320,0.004,0.004,0.004,0.004,0
1239,1502491500,0.004,0.004,0.004,0.004,0
1240,1502491680,0.004,0.004,0.004,0.004,0
1241,1502491860,0.004,0.004,0.004,0.004,0
1242,1502492040,0.004,0.004,0.004,0.004,0
1243,1502492220,0.004,0.004,0.004,0.004,0
1244,1502492400,0.004,0.004,0.004,0.004,12.0707
1245,1502492580,0.004,0.004,0.004,0.004,0
1246,1502492760,0.004,0.004,0.004,0.004,0
1247,1502492940,0.004,0.004,0.004,0.004,0
1248,1502493120,0.004,0.004,0.004,0.004,0
1249,1502493300,0.004,0.004,0.004,0.004,0
1250,1502493480,0.004,0.004,0.004,0.004,0
1251,1502493660,0.004,0.004,0.004,0.004,0
1252,1502493840,0.004,0.004,0.004,0.004,10
1253,1502494020,0.004,0.004,0.004,0.004,0
1254,1502494200,0.004,0.004,0.004,0.004,0
1255,1502494380,0.004,0.004,0.004,0.004,0
1256,1502494560,0.004,0.004,0.004,0.004,0
1257,1502494740,0.004,0.004,0.004,0.004,0
1258,1502494920,0.004,0.004,0.004,0.004,0
1259,1502495100,0.004,0.004,0.004,0.004,0
1260,1502495280,0.004,0.004,0.004,0.004,1.1643
1261,1502495460,0.004,0.004,0.004,0.004,0
1262,1502495640,0.004,0.004,0.004,0.004,0
1263,1502495820,0.004,0.004,0.004,0.004,0
1264,1502496000,0.004,0.004,0.004,0.004,0
1265,1502496180,0.004,0.004,0.004,0.004,0
1266,1502496360,0.004,0.004,0.004,0.004,0
1267,1502496540,0.004,0.004,0.004,0.004,0
1268,1502496720,0.004,0.004,0.004,0.004,0
1269,1502496900,0.004,0.004,0.004,0.004,0
1270,1502497080,0.004,0.004,0.004,0.004,0
1271,1502497260,0.004,0.004,0.004,0.004,0
1272,1502497440,0.004,0.004,0.004,0.004,0
1273,1502497620,0.004,0.004,0.004,0.004,0
1274,1502497800,0.004,0.004,0.004,0.004,0
1275,1502497980,0.004,0.004,0.004,0.004,0
1276,1502498160,0.004,0.004,0.004,0.004,0
1277,1502498340,0.004,0.004,0.004,0.004,0
1278,1502498520,0.004,0.004,0.004,0.004,0
1279,1502498700,0.004,0.004,0.004,0.004,0
1280,1502498880,0.004,0.004,0.004,0.004,0
1281,1502499060,0.004,0.004,0.004,0.004,0
1282,1502499240,0.004,0.004,0.004,0.004,0
1283,1502499420,0.004,0.004,0.004,0.004,0
1284,1502499600,0.004,0.004,0.004,0.004,0
1285,1502499780,0.004,0.004,0.004,0.004,0
1286,1502499960,0.004,0.004,0.004,0.004,0
1287,1502500140,0.004,0.004,0.004,0.004,0
1288,1502500320,0.004,0.004,0.004,0.004,0
1289,1502500500,0.004,0.004,0.004,0.004,0
1290,1502500680,0.004,0.004,0.004,0.004,0
1291,1502500860,0.004,0.004,0.004,0.004,0
1292,1502501040,0.004,0.004,0.004,0.004,0
1293,1502501220,0.004,0.004,0.004,0.004,0
1294,1502501400,0.004,0.004,0.004,0.004,0
1295,1502501580,0.004,0.004,0.004,0.004,0
1296,1502501760,0.004,0.004,0.004,0.004,0
1297,1502501940,0.004,0.004,0.004,0.004,0
1298,1502502120,0.004,0.004,0.004,0.004,0
1299,1502502300,0.004,0.004,0.004,0.004,0
1300,1502502480,0.004,0.004,0.004,0.004,0
1301,1502502660,0.004,0.004,0.004,0.004,0
1302,1502502840,0.0035,0.0035,0.0035,0.0035,114.9068
1303,1502503020,0.0035,0.0035,0.0035,0.0035,0
1304,1502503200,0.0035,0.0035,0.0035,0.0035,0
1305,1502503380,0.0035,0.0035,0.0035,0.0035,0
1306,1502503560,0.0035,0.0035,0.0035,0.0035,0
1307,1502503740,0.0035,0.0035,0.0035,0.0035,0
1308,1502503920,0.0035,0.0035,0.0035,0.0035,0
1309,1502504100,0.0035,0.0035,0.0035,0.0035,0
1310,1502504280,0.0035,0.0035,0.0035,0.0035,0
1311,1502504460,0.0035,0.0035,0.0035,0.0035,0
1312,1502504640,0.0035,0.0035,0.0035,0.0035,0
1313,1502504820,0.0035,0.0035,0.0035,0.0035,0
1314,1502505000,0.0035,0.0035,0.0035,0.0035,0
1315,1502505180,0.0035,0.0035,0.0035,0.0035,0
1316,1502505360,0.0035,0.0035,0.0035,0.0035,0
1317,1502505540,0.0035,0.0035,0.0035,0.0035,0
1318,1502505720,0.0035,0.0035,0.0035,0.0035,0
1319,1502505900,0.0035,0.0035,0.0035,0.0035,0
1320,1502506080,0.0035,0.0035,0.0035,0.0035,0
1321,1502506260,0.0035,0.0035,0.0035,0.0035,0
1322,1502506440,0.0035,0.0035,0.0035,0.0035,0
1323,1502506620,0.0035,0.0035,0.0035,0.0035,6.8571
1324,1502506800,0.0035,0.0035,0.0035,0.0035,0
1325,1502506980,0.0035,0.0035,0.0035,0.0035,0
1326,1502507160,0.0035,0.0035,0.0035,0.0035,0
1327,1502507340,0.0035,0.0035,0.0035,0.0035,0
1328,1502507520,0.0035,0.0035,0.0035,0.0035,0
1329,1502507700,0.0035,0.0035,0.0035,0.0035,0
1330,1502507880,0.0035,0.0035,0.0035,0.0035,0
1331,1502508060,0.0035,0.0035,0.0035,0.0035,0
1332,1502508240,0.0035,0.0035,0.0035,0.0035,0
1333,1502508420,0.0035,0.0035,0.0035,0.0035,0
1334,1502508600,0.0035,0.0035,0.0035,0.0035,0
1335,1502508780,0.0035,0.0035,0.0035,0.0035,0
1336,1502508960,0.0035,0.0035,0.0035,0.0035,0
1337,1502509140,0.0035,0.0035,0.0035,0.0035,0
1338,1502509320,0.0035,0.0035,0.0035,0.0035,0
1339,1502509500,0.0035,0.0035,0.0035,0.0035,0
1340,1502509680,0.0035,0.0035,0.0035,0.0035,0
1341,1502509860,0.0035,0.0035,0.0035,0.0035,0
1342,1502510040,0.0035,0.0035,0.0035,0.0035,0
1343,1502510220,0.0035,0.0035,0.0035,0.0035,0
1344,1502510400,0.0035,0.0035,0.0035,0.0035,0
1345,1502510580,0.0034,0.0035,0.0035,0.0034,96.7526
1346,1502510760,0.0035,0.0035,0.0035,0.0035,0
1347,1502510940,0.0035,0.0035,0.0035,0.0035,6.578
1348,1502511120,0.0035,0.0035,0.0035,0.0035,0
1349,1502511300,0.0035,0.0035,0.0035,0.0035,0
1350,1502511480,0.0035,0.0035,0.0035,0.0035,0
1351,1502511660,0.0035,0.0035,0.0035,0.0035,0
1352,1502511840,0.0035,0.0035,0.0035,0.0035,0
1353,1502512020,0.0035,0.0035,0.0035,0.0035,0
1354,1502512200,0.0035,0.0035,0.0035,0.0035,0
1355,1502512380,0.0035,0.0035,0.0035,0.0035,0
1356,1502512560,0.0035,0.0035,0.0035,0.0035,14.842
1357,1502512740,0.0035,0.0035,0.0035,0.0035,0
1358,1502512920,0.0035,0.0035,0.0035,0.0035,0
1359,1502513100,0.0035,0.0035,0.0035,0.0035,0
1360,1502513280,0.0035,0.0035,0.0035,0.0035,0
1361,1502513460,0.0035,0.0035,0.0035,0.0035,0
1362,1502513640,0.0035,0.0035,0.0035,0.0035,0
1363,1502513820,0.0035,0.0035,0.0035,0.0035,0
1364,1502514000,0.0035,0.0035,0.0035,0.0035,0
1365,1502514180,0.0035,0.0035,0.0035,0.0035,0
1366,1502514360,0.0035,0.0035,0.0035,0.0035,0
1367,1502514540,0.0035,0.0035,0.0035,0.0035,24.5297
1368,1502514720,0.0035,0.0035,0.0035,0.0035,0
1369,1502514900,0.0035,0.0035,0.0035,0.0035,0
1370,1502515080,0.0035,0.0035,0.0035,0.0035,0
1371,1502515260,0.0035,0.0035,0.0035,0.0035,0
1372,1502515440,0.0035,0.0035,0.0035,0.0035,0
1373,1502515620,0.0035,0.0035,0.0035,0.0035,0
1374,1502515800,0.0035,0.0035,0.0035,0.0035,0
1375,1502515980,0.0035,0.0035,0.0035,0.0035,0
1376,1502516160,0.0035,0.0035,0.0035,0.0035,0
1377,1502516340,0.0035,0.0035,0.0035,0.0035,0
1378,1502516520,0.0035,0.0035,0.0035,0.0035,0
1379,1502516700,0.0035,0.0035,0.0035,0.0035,0
1380,1502516880,0.0035,0.0035,0.0035,0.0035,0
1381,1502517060,0.0035,0.0035,0.0035,0.0035,0
1382,1502517240,0.0035,0.0035,0.0035,0.0035,0
1383,1502517420,0.0035,0.0035,0.0035,0.0035,0
1384,1502517600,0.0035,0.0035,0.0035,0.0035,0.8976
1385,1502517780,0.0035,0.0035,0.0035,0.0035,0
1386,1502517960,0.0035,0.0035,0.0035,0.0035,0
1387,1502518140,0.0035,0.0035,0.0035,0.0035,0
1388,1502518320,0.0035,0.0035,0.0035,0.0035,0
1389,1502518500,0.0035,0.0035,0.0035,0.0035,0
1390,1502518680,0.0035,0.0035,0.0035,0.0035,0
1391,1502518860,0.0031,0.003,0.0031,0.003,200
1392,1502519040,0.003,0.003,0.003,0.003,0
1393,1502519220,0.003,0.003,0.003,0.003,0
1394,1502519400,0.003,0.003,0.003,0.003,0
1395,1502519580,0.003,0.003,0.003,0.003,0
1396,1502519760,0.003,0.003,0.003,0.003,0
1397,1502519940,0.003,0.003,0.003,0.003,0
1398,1502520120,0.003,0.003,0.003,0.003,0
1399,1502520300,0.003,0.003,0.003,0.003,0
1400,1502520480,0.003,0.003,0.003,0.003,0
1401,1502520660,0.003,0.003,0.003,0.003,0
1402,1502520840,0.003,0.003,0.003,0.003,0
1403,1502521020,0.003,0.003,0.003,0.003,0
1404,1502521200,0.003,0.003,0.003,0.003,0
1405,1502521380,0.003,0.003,0.003,0.003,0
1406,1502521560,0.003,0.003,0.003,0.003,0
1407,1502521740,0.003,0.003,0.003,0.003,0
1408,1502521920,0.003,0.003,0.003,0.003,0
1409,1502522100,0.003,0.003,0.003,0.003,0
1410,1502522280,0.003,0.003,0.003,0.003,0
1411,1502522460,0.003,0.003,0.003,0.003,0
1412,1502522640,0.003,0.003,0.003,0.003,0
1413,1502522820,0.003,0.003,0.003,0.003,0
1414,1502523000,0.003,0.003,0.003,0.003,0
1415,1502523180,0.003,0.003,0.003,0.003,0
1416,1502523360,0.003,0.003,0.003,0.003,0
1417,1502523540,0.003,0.003,0.003,0.003,0
1418,1502523720,0.003,0.003,0.003,0.003,0
1419,1502523900,0.003,0.003,0.003,0.003,0
1420,1502524080,0.003,0.003,0.003,0.003,0
1421,1502524260,0.003,0.003,0.003,0.003,0
1422,1502524440,0.003,0.003,0.003,0.003,0
1423,1502524620,0.003,0.003,0.003,0.003,0
1424,1502524800,0.003,0.003,0.003,0.003,0
1425,1502524980,0.003,0.003,0.003,0.003,0
1426,1502525160,0.003,0.003,0.003,0.003,0
1427,1502525340,0.003,0.003,0.003,0.003,0
1428,1502525520,0.003,0.003,0.003,0.003,0
1429,1502525700,0.003,0.003,0.003,0.003,0
1430,1502525880,0.003,0.003,0.003,0.003,0
1431,1502526060,0.003,0.003,0.003,0.003,0
1432,1502526240,0.003,0.003,0.003,0.003,0
1433,1502526420,0.003,0.003,0.003,0.003,0
1434,1502526600,0.003,0.003,0.003,0.003,0
1435,1502526780,0.003,0.003,0.003,0.003,7.2628
1436,1502526960,0.003,0.003,0.003,0.003,0
1437,1502527140,0.003,0.003,0.003,0.003,0
1438,1502527320,0.003,0.003,0.003,0.003,0
1439,1502527500,0.003,0.003,0.003,0.003,0
1440,1502527680,0.003,0.003,0.003,0.003,0
1441,1502527860,0.003,0.003,0.003,0.003,0
1442,1502528040,0.003,0.003,0.003,0.003,0
1443,1502528220,0.003,0.003,0.003,0.003,0
1444,1502528400,0.003,0.003,0.003,0.003,0
1445,1502528580,0.003,0.003,0.003,0.003,0
1446,1502528760,0.003,0.003,0.003,0.003,0
1447,1502528940,0.003,0.003,0.003,0.003,0
1448,1502529120,0.003,0.003,0.003,0.003,0
1449,1502529300,0.003,0.003,0.003,0.003,0
1450,1502529480,0.003,0.003,0.003,0.003,0
1451,1502529660,0.003,0.003,0.003,0.003,0
1452,1502529840,0.003,0.003,0.003,0.003,0
1453,1502530020,0.003,0.003,0.003,0.003,0
1454,1502530200,0.003,0.003,0.003,0.003,0
1455,1502530380,0.003,0.003,0.003,0.003,0
1456,1502530560,0.003,0.003,0.003,0.003,0
1457,1502530740,0.003,0.003,0.003,0.003,11.1422
1458,1502530920,0.003,0.003,0.003,0.003,0
1459,1502531100,0.003,0.003,0.003,0.003,0
1460,1502531280,0.003,0.003,0.003,0.003,0
1461,1502531460,0.003,0.003,0.003,0.003,0
1462,1502531640,0.003,0.003,0.003,0.003,0
1463,1502531820,0.003,0.003,0.003,0.003,1.3522
1464,1502532000,0.003,0.003,0.003,0.003,0
1465,1502532180,0.003,0.003,0.003,0.003,0
1466,1502532360,0.003,0.003,0.003,0.003,0
1467,1502532540,0.003,0.003,0.003,0.003,0
1468,1502532720,0.003,0.003,0.003,0.003,0
1469,1502532900,0.003,0.003,0.003,0.003,0
1470,1502533080,0.003,0.003,0.003,0.003,0
1471,1502533260,0.003,0.003,0.003,0.003,0
1472,1502533440,0.003,0.003,0.003,0.003,0
1473,1502533620,0.003,0.003,0.003,0.003,0
1474,1502533800,0.003,0.003,0.003,0.003,0
1475,1502533980,0.003,0.003,0.003,0.003,0
1476,1502534160,0.003,0.003,0.003,0.003,0
1477,1502534340,0.003,0.003,0.003,0.003,0
1478,1502534520,0.003,0.003,0.003,0.003,0
1479,1502534700,0.003,0.003,0.003,0.003,0
1480,1502534880,0.003,0.003,0.003,0.003,0
1481,1502535060,0.003,0.003,0.003,0.003,0
1482,1502535240,0.003,0.003,0.003,0.003,0
1483,1502535420,0.003,0.003,0.003,0.003,0
1484,1502535600,0.003,0.003,0.003,0.003,0
1485,1502535780,0.003,0.003,0.003,0.003,0
1486,1502535960,0.003,0.003,0.003,0.003,0
1487,1502536140,0.003,0.003,0.003,0.003,0
1488,1502536320,0.003,0.003,0.003,0.003,0
1489,1502536500,0.003,0.003,0.003,0.003,0
1490,1502536680,0.003,0.003,0.003,0.003,0
1491,1502536860,0.003,0.003,0.003,0.003,0
1492,1502537040,0.003,0.003,0.003,0.003,0
1493,1502537220,0.003,0.003,0.003,0.003,0
1494,1502537400,0.003,0.003,0.003,0.003,0
1495,1502537580,0.003,0.003,0.003,0.003,0
1496,1502537760,0.003,0.003,0.003,0.003,0
1497,1502537940,0.003,0.003,0.003,0.003,0
1498,1502538120,0.003,0.003,0.003,0.003,0
1499,1502538300,0.003,0.003,0.003,0.003,0
1500,1502538480,0.003,0.003,0.003,0.003,0
1501,1502538660,0.003,0.003,0.003,0.003,0
1502,1502538840,0.003,0.003,0.003,0.003,0
1503,1502539020,0.003,0.003,0.003,0.003,0
1504,1502539200,0.003,0.003,0.003,0.003,0
1505,1502539380,0.003,0.003,0.003,0.003,0
1506,1502539560,0.003,0.003,0.003,0.003,0
1507,1502539740,0.003,0.003,0.003,0.003,0
1508,1502539920,0.003,0.003,0.003,0.003,0
1509,1502540100,0.003,0.003,0.003,0.003,0
1510,1502540280,0.003,0.003,0.003,0.003,0
1511,1502540460,0.003,0.003,0.003,0.003,0
1512,1502540640,0.003,0.003,0.003,0.003,0
1513,1502540820,0.003,0.003,0.003,0.003,0
1514,1502541000,0.003,0.003,0.003,0.003,0
1515,1502541180,0.003,0.003,0.003,0.003,0
1516,1502541360,0.003,0.003,0.003,0.003,0
1517,1502541540,0.003,0.003,0.003,0.003,0
1518,1502541720,0.003,0.003,0.003,0.003,0
1519,1502541900,0.003,0.003,0.003,0.003,0
1520,1502542080,0.003,0.003,0.003,0.003,0.5608
1521,1502542260,0.003,0.003,0.003,0.003,0
1522,1502542440,0.003,0.003,0.003,0.003,0
1523,1502542620,0.003,0.003,0.003,0.003,0
1524,1502542800,0.003,0.003,0.003,0.003,0
1525,1502542980,0.003,0.003,0.003,0.003,0
1526,1502543160,0.003,0.003,0.003,0.003,0
1527,1502543340,0.003,0.003,0.003,0.003,0
1528,1502543520,0.003,0.003,0.003,0.003,0
1529,1502543700,0.003,0.003,0.003,0.003,0
1530,1502543880,0.003,0.003,0.003,0.003,0
1531,1502544060,0.003,0.003,0.003,0.003,0
1532,1502544240,0.0031,0.0031,0.0031,0.0031,8.052
1533,1502544420,0.0031,0.0031,0.0031,0.0031,0
1534,1502544600,0.0031,0.0031,0.0031,0.0031,0
1535,1502544780,0.0031,0.0031,0.0031,0.0031,0
1536,1502544960,0.0031,0.0031,0.0031,0.0031,0
1537,1502545140,0.0031,0.0031,0.0031,0.0031,0
1538,1502545320,0.0031,0.0031,0.0031,0.0031,0
1539,1502545500,0.0031,0.0031,0.0031,0.0031,49.5982
1540,1502545680,0.0031,0.0031,0.0031,0.0031,0
1541,1502545860,0.0031,0.0031,0.0031,0.0031,0
1542,1502546040,0.0031,0.0031,0.0031,0.0031,0
1543,1502546220,0.0031,0.0031,0.0031,0.0031,0
1544,1502546400,0.0031,0.0031,0.0031,0.0031,0
1545,1502546580,0.0031,0.0031,0.0031,0.0031,0
1546,1502546760,0.0031,0.0031,0.0031,0.0031,0
1547,1502546940,0.0031,0.0031,0.0031,0.0031,0
1548,1502547120,0.0031,0.0031,0.0031,0.0031,0
1549,1502547300,0.0031,0.0031,0.0031,0.0031,0
1550,1502547480,0.0031,0.0031,0.0031,0.0031,0
1551,1502547660,0.0031,0.0031,0.0031,0.0031,0
1552,1502547840,0.0031,0.0031,0.0031,0.0031,0
1553,1502548020,0.0031,0.0031,0.0031,0.0031,0
1554,1502548200,0.0031,0.0031,0.0031,0.0031,0
1555,1502548380,0.0031,0.0031,0.0031,0.0031,0
1556,1502548560,0.0031,0.0031,0.0031,0.0031,0
1557,1502548740,0.0031,0.0031,0.0031,0.0031,0
1558,1502548920,0.0031,0.0031,0.0031,0.0031,0
1559,1502549100,0.0031,0.0031,0.0031,0.0031,0
1560,1502549280,0.0031,0.0031,0.0031,0.0031,0
1561,1502549460,0.0031,0.0031,0.0031,0.0031,0
1562,1502549640,0.0031,0.0031,0.0031,0.0031,0
1563,1502549820,0.0031,0.0031,0.0031,0.0031,0
1564,1502550000,0.0031,0.0031,0.0031,0.0031,0
1565,1502550180,0.0031,0.0031,0.0031,0.0031,0
1566,1502550360,0.0031,0.0031,0.0031,0.0031,42.3498
1567,1502550540,0.0031,0.0031,0.0031,0.0031,0
1568,1502550720,0.0031,0.0031,0.0031,0.0031,0
1569,1502550900,0.0031,0.0031,0.0031,0.0031,0
1570,1502551080,0.0031,0.0031,0.0031,0.0031,0
1571,1502551260,0.0031,0.0031,0.0031,0.0031,0
1572,1502551440,0.0031,0.0031,0.0031,0.0031,0
1573,1502551620,0.0031,0.0031,0.0031,0.0031,0
1574,1502551800,0.0031,0.0031,0.0031,0.0031,0
1575,1502551980,0.0031,0.0031,0.0031,0.0031,0
1576,1502552160,0.0031,0.0031,0.0031,0.0031,0
1577,1502552340,0.0031,0.0031,0.0031,0.0031,0
1578,1502552520,0.003,0.003,0.003,0.003,14
1579,1502552700,0.003,0.003,0.003,0.003,0
1580,1502552880,0.003,0.0027,0.003,0.0027,66
1581,1502553060,0.0027,0.0027,0.0027,0.0027,0
1582,1502553240,0.0027,0.0027,0.0027,0.0027,10
1583,1502553420,0.0027,0.0027,0.0027,0.0027,0
1584,1502553600,0.0027,0.0027,0.0027,0.0027,0
1585,1502553780,0.0027,0.0027,0.0027,0.0027,0
1586,1502553960,0.0027,0.0027,0.0027,0.0027,0
1587,1502554140,0.0027,0.0027,0.0027,0.0027,0
1588,1502554320,0.0027,0.0027,0.0027,0.0027,0
1589,1502554500,0.0027,0.0027,0.0027,0.0027,0
1590,1502554680,0.0027,0.0027,0.0027,0.0027,0
1591,1502554860,0.0027,0.0027,0.0027,0.0027,0
1592,1502555040,0.0027,0.0027,0.0027,0.0027,0
1593,1502555220,0.0027,0.0027,0.0027,0.0027,0
1594,1502555400,0.0027,0.0027,0.0027,0.0027,0
1595,1502555580,0.0027,0.0027,0.0027,0.0027,0
1596,1502555760,0.0027,0.0025,0.0027,0.0025,127.4924
1597,1502555940,0.0025,0.0025,0.0025,0.0025,0
1598,1502556120,0.0025,0.0025,0.0025,0.0025,0
1599,1502556300,0.0025,0.0025,0.0025,0.0025,0
1600,1502556480,0.0025,0.0024,0.0025,0.0024,116.1576
1601,1502556660,0.0024,0.0024,0.0024,0.0024,0
1602,1502556840,0.0024,0.0024,0.0024,0.0024,0
1603,1502557020,0.0024,0.0024,0.0024,0.0024,0
1604,1502557200,0.0024,0.0024,0.0024,0.0024,0
1605,1502557380,0.0024,0.0024,0.0024,0.0024,0
1606,1502557560,0.0024,0.0024,0.0024,0.0024,0
1607,1502557740,0.0024,0.0024,0.0024,0.0024,0
1608,1502557920,0.0024,0.0024,0.0024,0.0024,0
1609,1502558100,0.0024,0.0024,0.0024,0.0024,0
1610,1502558280,0.0024,0.0024,0.0024,0.0024,0
1611,1502558460,0.0024,0.0024,0.0024,0.0024,0
1612,1502558640,0.0024,0.0024,0.0024,0.0024,0
1613,1502558820,0.0024,0.0024,0.0024,0.0024,0
1614,1502559000,0.0024,0.0024,0.0024,0.0024,0
1615,1502559180,0.0024,0.0024,0.0024,0.0024,0
1616,1502559360,0.0024,0.0024,0.0024,0.0024,0
1617,1502559540,0.0024,0.0024,0.0024,0.0024,0
1618,1502559720,0.0024,0.0024,0.0024,0.0024,0
1619,1502559900,0.0024,0.0024,0.0024,0.0024,0
1620,1502560080,0.0024,0.0024,0.0024,0.0024,0
1621,1502560260,0.0024,0.0024,0.0024,0.0024,0
1622,1502560440,0.0024,0.0024,0.0024,0.0024,0
1623,1502560620,0.0024,0.0024,0.0024,0.0024,0
1624,1502560800,0.0024,0.0024,0.0024,0.0024,0
1625,1502560980,0.0024,0.0024,0.0024,0.0024,0
1626,1502561160,0.0024,0.0024,0.0024,0.0024,0
1627,1502561340,0.0024,0.0024,0.0024,0.0024,0
1628,1502561520,0.0024,0.0024,0.0024,0.0024,0
1629,1502561700,0.0024,0.0024,0.0024,0.0024,0
1630,1502561880,0.0024,0.0024,0.0024,0.0024,0
1631,1502562060,0.0024,0.0024,0.0024,0.0024,0
1632,1502562240,0.0024,0.0024,0.0024,0.0024,0
1633,1502562420,0.0024,0.0024,0.0024,0.0024,0
1634,1502562600,0.0024,0.0024,0.0024,0.0024,0
1635,1502562780,0.0024,0.0024,0.0024,0.0024,0
1636,1502562960,0.0024,0.0024,0.0024,0.0024,0
1637,1502563140,0.0024,0.0024,0.0024,0.0024,0.266
1638,1502563320,0.0024,0.0024,0.0024,0.0024,0
1639,1502563500,0.0024,0.0024,0.0024,0.0024,0
1640,1502563680,0.0024,0.0024,0.0024,0.0024,0
1641,1502563860,0.0024,0.0024,0.0024,0.0024,0
1642,1502564040,0.0024,0.0024,0.0024,0.0024,0
1643,1502564220,0.0024,0.0024,0.0024,0.0024,0
1644,1502564400,0.0024,0.0024,0.0024,0.0024,0
1645,1502564580,0.0024,0.0024,0.0024,0.0024,0
1646,1502564760,0.0024,0.0024,0.0024,0.0024,0
1647,1502564940,0.0024,0.0024,0.0024,0.0024,0
1648,1502565120,0.0024,0.0024,0.0024,0.0024,0
1649,1502565300,0.0024,0.0024,0.0024,0.0024,0
1650,1502565480,0.0024,0.0024,0.0024,0.0024,0
1651,1502565660,0.0024,0.0024,0.0024,0.0024,0
1652,1502565840,0.0024,0.0024,0.0024,0.0024,0
1653,1502566020,0.0024,0.0024,0.0024,0.0024,2.033
1654,1502566200,0.0024,0.0024,0.0024,0.0024,0
1655,1502566380,0.0024,0.0024,0.0024,0.0024,0
1656,1502566560,0.0024,0.0024,0.0024,0.0024,0
1657,1502566740,0.0024,0.0024,0.0024,0.0024,0
1658,1502566920,0.0024,0.0024,0.0024,0.0024,0
1659,1502567100,0.0024,0.0024,0.0024,0.0024,0
1660,1502567280,0.0024,0.0024,0.0024,0.0024,0
1661,1502567460,0.0024,0.0024,0.0024,0.0024,0
1662,1502567640,0.0024,0.0024,0.0024,0.0024,0
1663,1502567820,0.0024,0.0024,0.0024,0.0024,0
1664,1502568000,0.0024,0.0024,0.0024,0.0024,0
1665,1502568180,0.0024,0.0024,0.0024,0.0024,0
1666,1502568360,0.0024,0.0024,0.0024,0.0024,0
1667,1502568540,0.0024,0.0024,0.0024,0.0024,0
1668,1502568720,0.0024,0.0024,0.0024,0.0024,0
1669,1502568900,0.0024,0.0024,0.0024,0.0024,0
1670,1502569080,0.0024,0.0024,0.0024,0.0024,0
1671,1502569260,0.0024,0.0024,0.0024,0.0024,0
1672,1502569440,0.0024,0.0024,0.0024,0.0024,0
1673,1502569620,0.0024,0.0024,0.0024,0.0024,0
1674,1502569800,0.0024,0.0024,0.0024,0.0024,0
1675,1502569980,0.0024,0.0024,0.0024,0.0024,0
1676,1502570160,0.0024,0.0024,0.0024,0.0024,0
1677,1502570340,0.0024,0.0024,0.0024,0.0024,0
1678,1502570520,0.0024,0.0024,0.0024,0.0024,0
1679,1502570700,0.0024,0.0024,0.0024,0.0024,0
1680,1502570880,0.0024,0.0024,0.0024,0.0024,0
1681,1502571060,0.0024,0.0024,0.0024,0.0024,0
1682,1502571240,0.0024,0.0024,0.0024,0.0024,0
1683,1502571420,0.0024,0.0024,0.0024,0.0024,0
1684,1502571600,0.0024,0.0024,0.0024,0.0024,0
1685,1502571780,0.0024,0.0024,0.0024,0.0024,0
1686,1502571960,0.0024,0.0024,0.0024,0.0024,0
1687,1502572140,0.0024,0.0024,0.0024,0.0024,0
1688,1502572320,0.0024,0.0024,0.0024,0.0024,0
1689,1502572500,0.0024,0.0024,0.0024,0.0024,0
1690,1502572680,0.0024,0.0024,0.0024,0.0024,0
1691,1502572860,0.0024,0.0024,0.0024,0.0024,0
1692,1502573040,0.0024,0.0024,0.0024,0.0024,0
1693,1502573220,0.0024,0.0024,0.0024,0.0024,0
1694,1502573400,0.0024,0.0024,0.0024,0.0024,0
1695,1502573580,0.0024,0.0024,0.0024,0.0024,0
1696,1502573760,0.0024,0.0024,0.0024,0.0024,0
1697,1502573940,0.0024,0.0024,0.0024,0.0024,0
1698,1502574120,0.0024,0.0024,0.0024,0.0024,0
1699,1502574300,0.0024,0.0024,0.0024,0.0024,0
1700,1502574480,0.0024,0.0024,0.0024,0.0024,0
1701,1502574660,0.0024,0.0024,0.0024,0.0024,0
1702,1502574840,0.0024,0.0024,0.0024,0.0024,0
1703,1502575020,0.0024,0.0024,0.0024,0.0024,0
1704,1502575200,0.0024,0.0024,0.0024,0.0024,0
1705,1502575380,0.0024,0.0024,0.0024,0.0024,0
1706,1502575560,0.0024,0.0024,0.0024,0.0024,0
1707,1502575740,0.0024,0.0024,0.0024,0.0024,0
1708,1502575920,0.0024,0.0024,0.0024,0.0024,0
1709,1502576100,0.0024,0.0024,0.0024,0.0024,0
1710,1502576280,0.0024,0.0024,0.0024,0.0024,0
1711,1502576460,0.0024,0.0024,0.0024,0.0024,0
1712,1502576640,0.0024,0.0024,0.0024,0.0024,0
1713,1502576820,0.0024,0.0024,0.0024,0.0024,0
1714,1502577000,0.0024,0.0024,0.0024,0.0024,0
1715,1502577180,0.0024,0.0024,0.0024,0.0024,0
1716,1502577360,0.0024,0.0024,0.0024,0.0024,0
1717,1502577540,0.0024,0.0024,0.0024,0.0024,0
1718,1502577720,0.0024,0.0024,0.0024,0.0024,0
1719,1502577900,0.0024,0.0024,0.0024,0.0024,0
1720,1502578080,0.0024,0.0024,0.0024,0.0024,0
1721,1502578260,0.0024,0.0024,0.0024,0.0024,0
1722,1502578440,0.0024,0.0024,0.0024,0.0024,0
1723,1502578620,0.0024,0.0024,0.0024,0.0024,0
1724,1502578800,0.0024,0.0024,0.0024,0.0024,0
1725,1502578980,0.0024,0.0024,0.0024,0.0024,0
1726,1502579160,0.0024,0.0024,0.0024,0.0024,0
1727,1502579340,0.0024,0.0024,0.0024,0.0024,0
1728,1502579520,0.0024,0.0024,0.0024,0.0024,0
1729,1502579700,0.0024,0.0024,0.0024,0.0024,0
1730,1502579880,0.0024,0.0024,0.0024,0.0024,0
1731,1502580060,0.0024,0.0024,0.0024,0.0024,0
1732,1502580240,0.0024,0.0024,0.0024,0.0024,0
1733,1502580420,0.0024,0.0024,0.0024,0.0024,0
1734,1502580600,0.0024,0.0024,0.0024,0.0024,0
1735,1502580780,0.0024,0.0024,0.0024,0.0024,0
1736,1502580960,0.0024,0.0024,0.0024,0.0024,0
1737,1502581140,0.0024,0.0024,0.0024,0.0024,0
1738,1502581320,0.0024,0.0024,0.0024,0.0024,0
1739,1502581500,0.0024,0.0024,0.0024,0.0024,0
1740,1502581680,0.0024,0.0024,0.0024,0.0024,0
1741,1502581860,0.0024,0.0024,0.0024,0.0024,0
1742,1502582040,0.0024,0.0024,0.0024,0.0024,0
1743,1502582220,0.0024,0.0024,0.0024,0.0024,0
1744,1502582400,0.0024,0.0024,0.0024,0.0024,0
1745,1502582580,0.0024,0.0024,0.0024,0.0024,0
1746,1502582760,0.0024,0.0024,0.0024,0.0024,0
1747,1502582940,0.0024,0.0024,0.0024,0.0024,0
1748,1502583120,0.0024,0.0024,0.0024,0.0024,0
1749,1502583300,0.0024,0.0024,0.0024,0.0024,0
1750,1502583480,0.0024,0.0024,0.0024,0.0024,0
1751,1502583660,0.0024,0.0024,0.0024,0.0024,0
1752,1502583840,0.0024,0.0024,0.0024,0.0024,0
1753,1502584020,0.0024,0.0024,0.0024,0.0024,0
1754,1502584200,0.0024,0.0024,0.0024,0.0024,0
1755,1502584380,0.0024,0.0024,0.0024,0.0024,0
1756,1502584560,0.0024,0.0024,0.0024,0.0024,0
1757,1502584740,0.0024,0.0024,0.0024,0.0024,0
1758,1502584920,0.0024,0.0024,0.0024,0.0024,0
1759,1502585100,0.0024,0.0024,0.0024,0.0024,0
1760,1502585280,0.0024,0.0024,0.0024,0.0024,0
1761,1502585460,0.0024,0.0024,0.0024,0.0024,0
1762,1502585640,0.0024,0.0024,0.0024,0.0024,0
1763,1502585820,0.0025,0.0025,0.0025,0.0025,2.2236
1764,1502586000,0.0025,0.0025,0.0025,0.0025,0
1765,1502586180,0.0025,0.0025,0.0025,0.0025,0
1766,1502586360,0.0025,0.0025,0.0025,0.0025,0
1767,1502586540,0.0025,0.0025,0.0025,0.0025,0
1768,1502586720,0.0025,0.0025,0.0025,0.0025,0
1769,1502586900,0.0025,0.0025,0.0025,0.0025,0
1770,1502587080,0.0025,0.0025,0.0025,0.0025,0
1771,1502587260,0.0025,0.0025,0.0025,0.0025,0
1772,1502587440,0.0025,0.0025,0.0025,0.0025,0
1773,1502587620,0.0025,0.0025,0.0025,0.0025,0
1774,1502587800,0.0025,0.0025,0.0025,0.0025,0
1775,1502587980,0.0025,0.0025,0.0025,0.0025,0
1776,1502588160,0.0025,0.0025,0.0025,0.0025,0
1777,1502588340,0.0025,0.0025,0.0025,0.0025,0
1778,1502588520,0.0025,0.0025,0.0025,0.0025,0
1779,1502588700,0.0025,0.0025,0.0025,0.0025,0
1780,1502588880,0.0025,0.0025,0.0025,0.0025,0
1781,1502589060,0.0025,0.0025,0.0025,0.0025,0
1782,1502589240,0.0025,0.0025,0.0025,0.0025,0
1783,1502589420,0.0025,0.0025,0.0025,0.0025,0
1784,1502589600,0.0025,0.0025,0.0025,0.0025,0
1785,1502589780,0.0025,0.0025,0.0025,0.0025,0
1786,1502589960,0.0025,0.0025,0.0025,0.0025,0
1787,1502590140,0.0025,0.0025,0.0025,0.0025,0
1788,1502590320,0.0025,0.0025,0.0025,0.0025,0.4958
1789,1502590500,0.0025,0.0025,0.0025,0.0025,0
1790,1502590680,0.0025,0.0025,0.0025,0.0025,0
1791,1502590860,0.0025,0.0025,0.0025,0.0025,0
1792,1502591040,0.0025,0.0025,0.0025,0.0025,0
1793,1502591220,0.0025,0.0025,0.0025,0.0025,0
1794,1502591400,0.0025,0.0025,0.0025,0.0025,0
1795,1502591580,0.0025,0.0025,0.0025,0.0025,0
1796,1502591760,0.0025,0.0025,0.0025,0.0025,0
1797,1502591940,0.0025,0.0025,0.0025,0.0025,0
1798,1502592120,0.0025,0.0025,0.0025,0.0025,0
1799,1502592300,0.0025,0.0025,0.0025,0.0025,0
1800,1502592480,0.0025,0.0025,0.0025,0.0025,0
1801,1502592660,0.0025,0.0025,0.0025,0.0025,0
1802,1502592840,0.0025,0.0025,0.0025,0.0025,0
1803,1502593020,0.0025,0.0025,0.0025,0.0025,0
1804,1502593200,0.0025,0.0025,0.0025,0.0025,0
1805,1502593380,0.0025,0.0025,0.0025,0.0025,0
1806,1502593560,0.0025,0.0025,0.0025,0.0025,0
1807,1502593740,0.0025,0.0025,0.0025,0.0025,0
1808,1502593920,0.0025,0.0025,0.0025,0.0025,0
1809,1502594100,0.0025,0.0025,0.0025,0.0025,0
1810,1502594280,0.0025,0.0025,0.0025,0.0025,0
1811,1502594460,0.0031,0.0031,0.0031,0.0031,29.0645
1812,1502594640,0.0031,0.0031,0.0031,0.0031,0
1813,1502594820,0.0031,0.0031,0.0031,0.0031,0
1814,1502595000,0.0031,0.0031,0.0031,0.0031,0
1815,1502595180,0.0031,0.0031,0.0031,0.0031,0
1816,1502595360,0.0031,0.0031,0.0031,0.0031,0
1817,1502595540,0.0031,0.0031,0.0031,0.0031,0
1818,1502595720,0.0025,0.0025,0.0025,0.0025,5
1819,1502595900,0.0025,0.0025,0.0025,0.0025,11.02
1820,1502596080,0.0025,0.0025,0.0025,0.0025,0
1821,1502596260,0.0025,0.0025,0.0025,0.0025,0
1822,1502596440,0.0025,0.0025,0.0025,0.0025,0
1823,1502596620,0.0025,0.0025,0.0025,0.0025,0
1824,1502596800,0.0025,0.0025,0.0025,0.0025,0
1825,1502596980,0.0025,0.0025,0.0025,0.0025,0
1826,1502597160,0.0025,0.0025,0.0025,0.0025,0
1827,1502597340,0.0025,0.0025,0.0025,0.0025,0
1828,1502597520,0.0025,0.0025,0.0025,0.0025,0
1829,1502597700,0.0025,0.0025,0.0025,0.0025,0
1830,1502597880,0.0025,0.0025,0.0025,0.0025,0
1831,1502598060,0.0025,0.0025,0.0025,0.0025,0
1832,1502598240,0.0025,0.0025,0.0025,0.0025,0
1833,1502598420,0.0025,0.0025,0.0025,0.0025,0
1834,1502598600,0.0025,0.0025,0.0025,0.0025,0
1835,1502598780,0.0025,0.0025,0.0025,0.0025,0
1836,1502598960,0.0025,0.0025,0.0025,0.0025,0
1837,1502599140,0.0025,0.0025,0.0025,0.0025,0
1838,1502599320,0.0026,0.0025,0.0026,0.0025,10.4206
1839,1502599500,0.0025,0.0025,0.0025,0.0025,0
1840,1502599680,0.0025,0.0025,0.0025,0.0025,0
1841,1502599860,0.0025,0.0025,0.0025,0.0025,0
1842,1502600040,0.0025,0.0025,0.0025,0.0025,0
1843,1502600220,0.0025,0.0025,0.0025,0.0025,0
1844,1502600400,0.0025,0.0025,0.0025,0.0025,2.3151
1845,1502600580,0.0025,0.0025,0.0025,0.0025,0
1846,1502600760,0.0025,0.0025,0.0025,0.0025,0
1847,1502600940,0.0025,0.0025,0.0025,0.0025,0
1848,1502601120,0.0025,0.0025,0.0025,0.0025,0
1849,1502601300,0.0025,0.0025,0.0025,0.0025,0
1850,1502601480,0.0025,0.0025,0.0025,0.0025,0
1851,1502601660,0.0025,0.0025,0.0025,0.0025,0
1852,1502601840,0.0025,0.0025,0.0025,0.0025,0
1853,1502602020,0.0025,0.0025,0.0025,0.0025,0
1854,1502602200,0.0025,0.0025,0.0025,0.0025,0
1855,1502602380,0.0025,0.0025,0.0025,0.0025,0
1856,1502602560,0.0025,0.0025,0.0025,0.0025,0
1857,1502602740,0.0025,0.0025,0.0025,0.0025,0
1858,1502602920,0.0025,0.0025,0.0025,0.0025,0
1859,1502603100,0.0025,0.0025,0.0025,0.0025,0
1860,1502603280,0.0025,0.0025,0.0025,0.0025,0
1861,1502603460,0.0025,0.0025,0.0025,0.0025,0
1862,1502603640,0.0025,0.0025,0.0025,0.0025,0
1863,1502603820,0.0025,0.0025,0.0025,0.0025,0
1864,1502604000,0.0025,0.0025,0.0025,0.0025,0
1865,1502604180,0.0025,0.0025,0.0025,0.0025,0
1866,1502604360,0.0025,0.0025,0.0025,0.0025,0
1867,1502604540,0.0025,0.0025,0.0025,0.0025,0
1868,1502604720,0.0025,0.0025,0.0025,0.0025,0
1869,1502604900,0.0025,0.0025,0.0025,0.0025,0
1870,1502605080,0.0025,0.0025,0.0025,0.0025,0
1871,1502605260,0.0025,0.0025,0.0025,0.0025,0
1872,1502605440,0.0025,0.0025,0.0025,0.0025,0
1873,1502605620,0.0025,0.0025,0.0025,0.0025,0
1874,1502605800,0.0025,0.0025,0.0025,0.0025,0
1875,1502605980,0.0025,0.0025,0.0025,0.0025,0
1876,1502606160,0.0025,0.0025,0.0025,0.0025,0
1877,1502606340,0.0025,0.0025,0.0025,0.0025,0
1878,1502606520,0.0025,0.0025,0.0025,0.0025,0
1879,1502606700,0.0025,0.0025,0.0025,0.0025,0
1880,1502606880,0.0025,0.0025,0.0025,0.0025,0
1881,1502607060,0.0025,0.0025,0.0025,0.0025,0
1882,1502607240,0.0025,0.0025,0.0025,0.0025,0
1883,1502607420,0.0025,0.0025,0.0025,0.0025,0
1884,1502607600,0.0025,0.0025,0.0025,0.0025,0
1885,1502607780,0.0025,0.0025,0.0025,0.0025,0
1886,1502607960,0.0025,0.0025,0.0025,0.0025,0
1887,1502608140,0.0025,0.0025,0.0025,0.0025,0
1888,1502608320,0.0025,0.0025,0.0025,0.0025,0
1889,1502608500,0.0025,0.0025,0.0025,0.0025,0
1890,1502608680,0.0025,0.0025,0.0025,0.0025,0
1891,1502608860,0.0025,0.0025,0.0025,0.0025,0
1892,1502609040,0.0025,0.0025,0.0025,0.0025,0
1893,1502609220,0.0025,0.0025,0.0025,0.0025,0
1894,1502609400,0.0025,0.0025,0.0025,0.0025,0
1895,1502609580,0.0025,0.0025,0.0025,0.0025,0
1896,1502609760,0.0025,0.0025,0.0025,0.0025,0
1897,1502609940,0.0025,0.0025,0.0025,0.0025,0
1898,1502610120,0.0025,0.0025,0.0025,0.0025,0
1899,1502610300,0.0025,0.0025,0.0025,0.0025,0
1900,1502610480,0.0024,0.0024,0.0024,0.0024,151.7544
1901,1502610660,0.0024,0.0024,0.0024,0.0024,0
1902,1502610840,0.0024,0.0024,0.0024,0.0024,0
1903,1502611020,0.0024,0.0024,0.0024,0.0024,0
1904,1502611200,0.0024,0.0024,0.0024,0.0024,0
1905,1502611380,0.0024,0.0024,0.0024,0.0024,0
1906,1502611560,0.0024,0.0024,0.0024,0.0024,0
1907,1502611740,0.0024,0.0024,0.0024,0.0024,0
1908,1502611920,0.0024,0.0024,0.0024,0.0024,0
1909,1502612100,0.0024,0.0024,0.0024,0.0024,0
1910,1502612280,0.0024,0.0024,0.0024,0.0024,0
1911,1502612460,0.0024,0.0024,0.0024,0.0024,0
1912,1502612640,0.0024,0.0024,0.0024,0.0024,0
1913,1502612820,0.0024,0.0024,0.0024,0.0024,0
1914,1502613000,0.0024,0.0024,0.0024,0.0024,0
1915,1502613180,0.0024,0.0024,0.0024,0.0024,0
1916,1502613360,0.0024,0.0024,0.0024,0.0024,0
1917,1502613540,0.0024,0.0024,0.0024,0.0024,0
1918,1502613720,0.0024,0.0024,0.0024,0.0024,0
1919,1502613900,0.0024,0.0024,0.0024,0.0024,0
1920,1502614080,0.0024,0.0024,0.0024,0.0024,0
1921,1502614260,0.0024,0.0024,0.0024,0.0024,0
1922,1502614440,0.0024,0.0024,0.0024,0.0024,0
1923,1502614620,0.0024,0.0024,0.0024,0.0024,0
1924,1502614800,0.0024,0.0024,0.0024,0.0024,0
1925,1502614980,0.0024,0.0024,0.0024,0.0024,0
1926,1502615160,0.0024,0.0024,0.0024,0.0024,0
1927,1502615340,0.0024,0.0024,0.0024,0.0024,0
1928,1502615520,0.0024,0.0024,0.0024,0.0024,0
1929,1502615700,0.0024,0.0024,0.0024,0.0024,0
1930,1502615880,0.0024,0.0024,0.0024,0.0024,0
1931,1502616060,0.0024,0.0024,0.0024,0.0024,0
1932,1502616240,0.0024,0.0024,0.0024,0.0024,0
1933,1502616420,0.0024,0.0024,0.0024,0.0024,0
1934,1502616600,0.0024,0.0024,0.0024,0.0024,0
1935,1502616780,0.0024,0.0024,0.0024,0.0024,0
1936,1502616960,0.0024,0.0024,0.0024,0.0024,0
1937,1502617140,0.0024,0.0024,0.0024,0.0024,0
1938,1502617320,0.0024,0.0024,0.0024,0.0024,0
1939,1502617500,0.0024,0.0024,0.0024,0.0024,0
1940,1502617680,0.0024,0.0024,0.0024,0.0024,0
1941,1502617860,0.0024,0.0024,0.0024,0.0024,0
1942,1502618040,0.0024,0.0024,0.0024,0.0024,0
1943,1502618220,0.0024,0.0024,0.0024,0.0024,0
1944,1502618400,0.0024,0.0024,0.0024,0.0024,0
1945,1502618580,0.0024,0.0024,0.0024,0.0024,0
1946,1502618760,0.0024,0.0024,0.0024,0.0024,0
1947,1502618940,0.0024,0.0024,0.0024,0.0024,0
1948,1502619120,0.0024,0.0024,0.0024,0.0024,0
1949,1502619300,0.0024,0.0024,0.0024,0.0024,0
1950,1502619480,0.0024,0.0024,0.0024,0.0024,0
1951,1502619660,0.0024,0.0024,0.0024,0.0024,0
1952,1502619840,0.0024,0.0024,0.0024,0.0024,0
1953,1502620020,0.0024,0.0024,0.0024,0.0024,0
1954,1502620200,0.0024,0.0024,0.0024,0.0024,0
1955,1502620380,0.0024,0.0024,0.0024,0.0024,0
1956,1502620560,0.0024,0.0023,0.0024,0.0023,200
1957,1502620740,0.0023,0.0023,0.0023,0.0023,0
1958,1502620920,0.0023,0.0023,0.0023,0.0023,0
1959,1502621100,0.0023,0.0023,0.0023,0.0023,0
1960,1502621280,0.0023,0.0023,0.0023,0.0023,0
1961,1502621460,0.0023,0.0023,0.0023,0.0023,0
1962,1502621640,0.0023,0.0023,0.0023,0.0023,0
1963,1502621820,0.0023,0.0023,0.0023,0.0023,0
1964,1502622000,0.0023,0.0023,0.0023,0.0023,0
1965,1502622180,0.0023,0.0023,0.0023,0.0023,0
1966,1502622360,0.0023,0.0023,0.0023,0.0023,0
1967,1502622540,0.0023,0.0023,0.0023,0.0023,0
1968,1502622720,0.0023,0.0023,0.0023,0.0023,0
1969,1502622900,0.0023,0.0023,0.0023,0.0023,0
1970,1502623080,0.0023,0.0023,0.0023,0.0023,22.8025
1971,1502623260,0.0023,0.0023,0.0023,0.0023,10
1972,1502623440,0.0023,0.0023,0.0023,0.0023,0
1973,1502623620,0.0023,0.0023,0.0023,0.0023,3
1974,1502623800,0.0023,0.0023,0.0023,0.0023,0
1975,1502623980,0.0023,0.0023,0.0023,0.0023,0
1976,1502624160,0.0023,0.0023,0.0023,0.0023,0
1977,1502624340,0.0023,0.0023,0.0023,0.0023,0
1978,1502624520,0.0023,0.0023,0.0023,0.0023,0
1979,1502624700,0.0023,0.0023,0.0023,0.0023,0
1980,1502624880,0.0023,0.0023,0.0023,0.0023,0
1981,1502625060,0.0023,0.0023,0.0023,0.0023,0
1982,1502625240,0.0023,0.0023,0.0023,0.0023,0
1983,1502625420,0.0023,0.0023,0.0023,0.0023,0
1984,1502625600,0.0023,0.0023,0.0023,0.0023,0
1985,1502625780,0.0023,0.0023,0.0023,0.0023,0
1986,1502625960,0.0023,0.0023,0.0023,0.0023,0
1987,1502626140,0.0023,0.0021,0.0023,0.0021,209.596
1988,1502626320,0.0021,0.0021,0.0021,0.0021,0
1989,1502626500,0.0021,0.0021,0.0021,0.0021,0
1990,1502626680,0.0021,0.0021,0.0021,0.0021,0
1991,1502626860,0.0021,0.0021,0.0021,0.0021,0
1992,1502627040,0.0021,0.0021,0.0021,0.0021,0
1993,1502627220,0.0021,0.0021,0.0021,0.0021,0
1994,1502627400,0.0021,0.0021,0.0021,0.0021,0
1995,1502627580,0.0021,0.0021,0.0021,0.0021,0
1996,1502627760,0.0021,0.0021,0.0021,0.0021,0
1997,1502627940,0.0021,0.0021,0.0021,0.0021,0
1998,1502628120,0.0021,0.0021,0.0021,0.0021,0
1999,1502628300,0.0021,0.0021,0.0021,0.0021,0
